codigo_emop;unid;n_linhas;n_os_distintas;n_escolas_distintas;medicoes_em_que_aparece;exemplo1;exemplo2
17.018.0031-A;M2;1562;290;69;MED01,MED02,MED03,MED04,MED05,MED06,MED07,MED08,MED09;E.M. ELSON PINHEIRO |  | 3.46 x 3 x 25 = 259.5;E.M. ELSON PINHEIRO |  | 70 x 3 x 1 = 210
17.017.0320-A;M2;335;73;31;MED01,MED02,MED03,MED04,MED05,MED06,MED07,MED08,MED09;ROCHA LEÃO | O.S N° 03 | 142 x 2 x 2 = 568;E.M. AMÉRICA ABDALLA |  | 138.83 x 2 x 2 = 555.32
14.007.0036-A;UN;214;161;118;MED01,MED02,MED03,MED04,MED05,MED06,MED07,MED08,MED09;E.M. Padre José Dilson Dórea (O.S 146) | O.S 146 | 1 = 1;E.M. Prof° Neli Aparecida Tâmara Luiz (O.S 249) | O.S 249 | 1 = 1
15.020.0173-A;UN;171;146;103;MED01,MED02,MED03,MED04,MED05,MED06,MED07,MED08,MED09;E.M. Nadir da Silva Salvador (O.S 53) | O.S 53 | 10 = 10;E.M. João Batista Gomes da Cruz (O.S 227) | O.S 227 | 10 = 10
18.013.0127-A;UN;166;148;106;MED01,MED02,MED03,MED04,MED05,MED06,MED07,MED08,MED09;E.M. Profº América Abdalla (O.S 14) | O.S 14 | 5 = 5;E.M. Ernestina Jorge Pereira (O.S 236) | O.S 236 | 2 = 2
17.017.0010-A;M2;165;72;44;MED01,MED02,MED03,MED04,MED05,MED06,MED07,MED08,MED09;E. M. João Bento Duarte Neto | O.S 45 | 3.65 x 3 = 10.95;E. M. João Bento Duarte Neto | O.S 45 | 2.65 x 3 = 7.95
18.019.0010-A;UN;150;128;98;MED01,MED02,MED03,MED04,MED05,MED06,MED07,MED08,MED09;E.M. Profº América Abdalla (O.S 14) | O.S 14 | 5 = 5;E.M. Ernestina Jorge Pereira (O.S 236) | O.S 236 | 2 = 2
18.009.0058-A;UN;139;114;104;MED01,MED02,MED03,MED04,MED05,MED06,MED07,MED08,MED09;E.M. Profº América Abdalla (O.S 105) | O.S 105 | 2 = 2;E.M. Prof° Neli Aparecida Tâmara Luiz (O.S 135) | O.S 135 | 3 = 3
05.001.0144-A;UN;123;77;95;MED01,MED02,MED03,MED04,MED05,MED06,MED07,MED08,MED09;E.M. Mônica de Andrade Ribeiro (O.S 300) | O.S 300 | 5 = 5;E.M. Fany Batista Esteves (O.S 311) | O.S 311 | 20 = 20
17.017.0110-A;M2;120;39;55;MED01,MED02,MED03,MED04,MED05,MED06,MED07,MED08,MED09;ROCHA LEÃO | O.S N° 03 | 0.6 x 2.1 x 7 x 2 = 17.64;ROCHA LEÃO | O.S N° 03 | 0.7 x 2.1 x 3 x 2 = 8.82
05.001.0145-A;UN;116;77;92;MED01,MED02,MED03,MED04,MED05,MED06,MED07,MED08,MED09;E.M. Profº América Abdalla (O.S 14) | O.S 14 | 5 = 5;E.M. Ernestina Jorge Pereira (O.S 236) | O.S 236 | 2 = 2
18.017.0020-A;UN;114;95;79;MED01,MED02,MED03,MED04,MED05,MED06,MED07,MED08,MED09;E.M. Prof° Neli Aparecida Tâmara Luiz (O.S 135) | O.S 135 | 3 = 3;E.M. Padre José Dilson Dórea (O.S 276) | O.S 276 | 1 = 1
15.015.0255-A;UN;109;93;62;MED01,MED02,MED03,MED04,MED05,MED06,MED07,MED08,MED09;E.M. Henrique Sarzedas (O.S 578) | O.S 578 | 2 = 2;E.M. Maria Teixeira de Paula (O.S 633) | O.S 633 | 1 = 1
18.009.0076-A;UN;106;81;79;MED01,MED02,MED03,MED04,MED05,MED06,MED07,MED08,MED09;E.M. Profº América Abdalla (O.S 14) | O.S 14 | 5 = 5;E.M. Ernestina Jorge Pereira (O.S 236) | O.S 236 | 2 = 2
15.004.0075-A;UN;104;84;76;MED01,MED02,MED03,MED04,MED05,MED06,MED07,MED08,MED09;E.M. Profº América Abdalla (O.S 14) | O.S 14 | 5 = 5;E.M. Ernestina Jorge Pereira (O.S 236) | O.S 236 | 2 = 2
17.017.0100-A;M2;104;39;49;MED01,MED02,MED03,MED04,MED05,MED06,MED07,MED08,MED09;ROCHA LEÃO | O.S N° 03 | 0.6 x 2.1 x 7 x 2 = 17.64;ROCHA LEÃO | O.S N° 03 | 0.7 x 2.1 x 3 x 2 = 8.82
15.015.0250-A;UN;91;73;76;MED01,MED02,MED03,MED04,MED05,MED06,MED07,MED08,MED09;E.M. Jovenil Bastos da Silva (O.S 136) | O.S 136 | 3 = 3;E.M. Fany Batista Esteves (O.S 183) | O.S 183 | 5 = 5
17.040.0021-A;M2;84;13;31;MED01,MED02,MED03,MED04,MED05,MED06,MED07,MED08,MED09;CIEP MESTRE MARÇAL |  | 366.13 x 0.07 x 1 = 25.6291;E.M. FRANCISCO DE ASSIS |  | 375 x 0.07 x 1 = 26.25
18.005.0018-A;UN;82;77;60;MED01,MED02,MED03,MED04,MED05,MED06,MED07,MED08,MED09;E.M. Profº América Abdalla (O.S 14) | O.S 14 | 5 = 5;E.M. Ernestina Jorge Pereira (O.S 236) | O.S 236 | 2 = 2
15.015.0214-A;UN;72;56;50;MED01,MED02,MED03,MED04,MED05,MED06,MED07,MED08,MED09;E.M. Francisco de Assis Medeiros Rangel (O.S 564) | O.S 564 | 1 = 1;CEMAEE (O.S 589) | O.S 589 | 10 = 10
18.009.0074-A;UN;71;57;54;MED01,MED02,MED03,MED04,MED05,MED06,MED07,MED08,MED09;Creche M. Márcia Lustosa Machado (O.S 788) | O.S 788 | 1 = 1;E.M. Maria da Penha de Oliveira (O.S 815) | O.S 815 | 2 = 2
17.035.0030-A;M2;70;49;9;MED01,MED02,MED03,MED04,MED05,MED06,MED07,MED08,MED09;E.M. PADRE JOSÉ DOREA |  | 61.48 x 6 x 1 = 368.88;E.M. FRANCISCO DE ASSIS |  | 29.29 x 6 x 1 = 175.74
15.020.0158-A;UN;70;64;60;MED01,MED02,MED03,MED04,MED05,MED06,MED07,MED08,MED09;E.M. Mônica de Andrade Ribeiro (O.S 300) | O.S 300 | 5 = 5;E.M. Fany Batista Esteves (O.S 311) | O.S 311 | 20 = 20
14.004.0121-A;M2;69;23;24;MED01,MED02,MED03,MED04,MED05,MED06,MED07,MED08,MED09;E.M ABDALLA | O.S N° 11 | 0.52 x 0.52 x 100 = 27.04;E.M. Prefeito Cláudio Ribeiro | 45 | 0.8 x 2.42 x 1 = 1.94
15.008.0085-A;M;68;58;49;MED01,MED02,MED03,MED04,MED05,MED06,MED07,MED08,MED09;E.M. João Bento Duarte Neto (O.S 456) | O.S 456 | 20 = 20;E.M. Maria Teixeira de Paula (O.S 509) | O.S 509 | 20 = 20
18.013.0133-A;UN;67;59;51;MED01,MED02,MED03,MED04,MED05,MED06,MED07,MED08,MED09;E.M. Ernestina Jorge Pereira (O.S 236) | O.S 236 | 2 = 2;Creche Dona Lina (O.S 360) | O.S 360 | 2 = 2
15.004.0090-A;UN;66;27;51;MED01,MED02,MED03,MED04,MED05,MED06,MED07,MED08,MED09;Escola M. Rosângela Duarte Faria | 1562 | 2 = 2;Escola M. Marinete Coelho Souza | 1076 | 1 = 1
15.004.0108-A;UN;61;44;41;MED01,MED02,MED03,MED04,MED05,MED06,MED07,MED08,MED09;GABINETE |  | 2 = 2;Creche M. Valdira Flausino Rodrigues (O.S 42) | O.S 42 | 2 = 2
17.040.0024-A;M2;56;10;10;MED01,MED02,MED03,MED04,MED05,MED06,MED07,MED08,MED09;ROCHA LEÃO | O.S N° 03 | 5 x 5 x 1 = 25;ROCHA LEÃO | O.S N° 03 | 5 x 5 x 1 = 25
05.001.0134-A;UN;54;35;42;MED01,MED02,MED03,MED04,MED05,MED06,MED07,MED08,MED09;E.M. Profº Rosângela Duarte Faria (O.S 422) | O.S 422 | 1 = 1;E.M. Profº Rosângela Duarte Faria |  | 2 = 2
15.007.0575-A;UN;52;35;41;MED01,MED02,MED03,MED04,MED05,MED06,MED07,MED08,MED09;Creche E.M. Maria Rosa Ribeiro Pinheiro (O.S 288) | O.S 288 | 2 = 2;E.M. Fany Batista Esteves (O.S 408) | O.S 408 | 2 = 2
16.026.0002-A;M2;50;32;36;MED01,MED02,MED04,MED05,MED06,MED07,MED08,MED09;E. M. PREFEITO CÉLIO SARZEDAS | PAREDE 1 | 3.5 x 1 x 1 = 3.5;E. M. PREFEITO CÉLIO SARZEDAS | PAREDE 2 | 3.5 x 1 x 1 = 3.5
11.003.0002-A;M3;46;26;22;MED01,MED02,MED03,MED04,MED05,MED06,MED07,MED08,MED09;E.M. Rosângela Duarte | O.S 255 | 1.2 x 0.8 x 0.15 = 0.14;E.M. Rosângela Duarte | O.S 255 | 2 x 0.8 x 0.15 = 0.24
18.029.0012-A;UN;46;31;39;MED01,MED02,MED03,MED04,MED05,MED06,MED07,MED08,MED09;Creche Dona Lina (O.S 374) | O.S 374 | 1 = 1;E.M Sebastião Loubach |  | 1 = 1
11.013.0075-A;M3;43;27;18;MED01,MED02,MED03,MED04,MED05,MED06,MED07,MED08,MED09;E.M. Ernestina Jorge Pereira (O.S 307) | O.S 307 | 1.2 x 1.6 x 0.15 = 0.29;E.M. Jovenil Bastos da Silva (O.S 352) | O.S 352 | 3 x 2.2 x 0.15 = 0.99
18.012.0090-A;UN;43;25;33;MED01,MED02,MED03,MED04,MED05,MED06,MED07,MED08,MED09;Escola M. Simar Machado Sodré (O.S 245) | O.S 245 | 1 = 1;Escola M. Senhorinha de Oliveira Gomes (O.S 800) | O.S 800 | 1 = 1
05.001.0015-A;M2;41;29;11;MED01,MED02,MED03,MED04,MED05,MED06,MED07,MED08,MED09;GABINETE | PISO | 2 x 1.74 = 3.48;GABINETE | PISO | 2 x 1.64 = 3.28
13.001.0026-A;M2;41;36;14;MED01,MED02,MED03,MED04,MED05,MED06,MED07,MED08,MED09;E.M JOÃO BENTO |  | 0.8 x 2.1 x 2 = 3.36;E.M. Ondina Pinto Marcondes (O.S 673) | O.S 673 | 2 x 2.3 x 2 = 9.2
14.006.0407-A;M;40;16;24;MED01,MED02,MED03,MED04,MED05,MED06,MED07,MED08,MED09;E.M. AMÉRICA ABDALLA | O.S N° 11 | 0.9 x 4 = 3.6;E.M. Profº Rosângela Duarte Faria (O.S 422) | O.S 422 | 0.9 x 1 = 0.9
05.001.0063-A;M2;40;20;28;MED01,MED02,MED03,MED04,MED05,MED06,MED07,MED08,MED09;E.M. ABDALLA |  | 196.28 x 0.6 = 117.768;E.M. Nilton Baltazar |  | 25 x 18 x 0.15 = 67.5
14.006.0409-A;M;38;16;24;MED01,MED02,MED03,MED04,MED05,MED06,MED07,MED08,MED09;E.M. AMÉRICA ABDALLA | O.S N° 11 | 0.9 x 2.1 x 4 = 7.56;ROCHA LEÃO | O.S N° 03 | 4 = 4
14.006.0021-A;UN;38;20;34;MED01,MED02,MED03,MED04,MED05,MED06,MED07,MED08,MED09;E.M. Maria da Penha de Oliveira (O.S 495) | O.S 495 | 11 = 11;E.M ROCHA LEÃO | EMERGENCIAL | 1 = 1
14.006.0023-A;UN;37;24;30;MED01,MED02,MED03,MED04,MED05,MED06,MED07,MED08,MED09;E.M. Profº Rosângela Duarte Faria (O.S 422) | O.S 422 | 1 = 1;E.M. Profº Rosângela Duarte Faria |  | 2 = 2
18.027.0303-A;UN;37;29;24;MED01,MED02,MED03,MED04,MED05,MED06,MED07,MED08,MED09;E.M FANY BATISTA | REFLETOR | 10 = 10;E.M ROCHA LEÃO |  | 30 = 30
13.001.0010-B;M2;37;32;11;MED01,MED02,MED03,MED04,MED05,MED06,MED07,MED08,MED09;E.M JOÃO BENTO |  | 0.8 x 2.1 x 2 = 3.36;E.M ROCHA LEÃO | CASA DE GÁS | 5.46 x 1.9 x 2 = 20.75
03.001.0001-B;M3;36;25;17;MED01,MED02,MED03,MED04,MED05,MED06,MED07,MED08,MED09;E.M Jovenil Bastos (O.S 111) | O.S 111 | 6 x 0.5 x 0.1 = 0.3;E.M José de Oliveira Martins (O.S 318) | O.S 318 | 5 x 5 x 0.3 = 7.5
15.020.0170-A;UN;36;26;25;MED01,MED02,MED03,MED04,MED05,MED06,MED07,MED08,MED09;Escola M. Rocha Leão (O.S. 235) | O.S 235 | 9 = 9;Escola M. Neli Aparecida Tâmara Luiz (O.S. 251) | O.S 251 | 4 = 4
11.004.0022-B;M2;36;19;11;MED01,MED02,MED03,MED04,MED05,MED06,MED07,MED08,MED09;E.M. Rosângela Duarte | O.S 255 | 1.2 x 0.3 x 2 = 0.72;E.M. Rosângela Duarte | O.S 255 | 2 x 0.3 x 2 = 1.2
14.002.0187-A;M;35;22;17;MED01,MED02,MED03,MED04,MED05,MED06,MED07,MED08,MED09;E.M Nadir Salvador | SEM OS | 3 x 0.5 = 1.5;Escola M. Fazendas Reunidas Atlântica | 1313 | 1.2 x 2.1 x 0.2 = 0.504
14.007.0070-A;UN;35;30;23;MED01,MED02,MED03,MED04,MED05,MED06,MED07,MED08,MED09;SEMEDE (O.S 768) | O.S 768 | 2 = 2;E.M. Mônica de Andrade Ribeiro | SEM OS | 5 = 5
05.008.0001-A;M2;34;1;24;MED01,MED02,MED03,MED04,MED05,MED06,MED07,MED08,MED09;ROCHA LEÃO | O.S N°06 | 30 x 3.5 = 105;CIEP MESTRE MARÇAL |  | 74.57 x 3.5 = 261
05.006.0001-B;M2XMES;34;1;24;MED01,MED02,MED03,MED04,MED05,MED06,MED07,MED08,MED09;ROCHA LEÃO | O.S N°06 | 30 x 3.5 x 2.3 = 69;CIEP MESTRE MARÇAL |  | 74.57 x 3.5 x 2.3 = 171.51
15.015.0020-A;UN;34;30;25;MED01,MED02,MED03,MED04,MED05,MED06,MED07,MED08,MED09;SEMEDE (O.S 883) | O.S 883 | 4 = 4;Escola M. Fany Batista Esteves | 473 | 3 = 3
13.175.0010-A;M2;33;9;10;MED01,MED02,MED03,MED04,MED05,MED06,MED07,MED08,MED09;E.M ABDALLA | O.S N° 11 | 7 x 7 = 49;E.M ABDALLA | O.S N° 11 | 7 x 7 = 49
15.004.0170-A;UN;31;21;26;MED01,MED02,MED03,MED04,MED05,MED06,MED07,MED08,MED09;E.M ROCHA LEÃO |  | 1 = 1;Escola M. Neli Aparecida Tâmara Luiz | 1097 | 1 = 1
18.027.0097-A;UN;31;22;22;MED01,MED02,MED03,MED04,MED05,MED06,MED07,MED08,MED09;NUGEPE (O.S 21) | O.S 21 | 3 = 3;Escola M. Senhorinha de Oliveira Gomes (O.S 471) | O.S 471 | 10 = 10
14.002.0071-A;M2;30;13;24;MED01,MED02,MED03,MED04,MED05,MED06,MED07,MED08,MED09;E.M. MÁRCIA LUSTOSA |  | 1 x 1 x 0.5 x 2 = 1;E.M. AMÉRICA ABDALLA |  | 3.3 x 2.3 x 0.3 x 4 = 9.108
14.007.0284-A;UN;30;15;22;MED01,MED02,MED03,MED04,MED05,MED06,MED07,MED08,MED09;E.M. Profº Rosângela Duarte Faria (O.S 422) | O.S 422 | 1 = 1;E.M. Profº Rosângela Duarte Faria |  | 2 = 2
12.016.0010-A;M2;30;2;3;MED01,MED02,MED03,MED04,MED05,MED06,MED07,MED08,MED09;ROCHA LEÃO | O.S N°03 | 10 x 3.5 = 35;ROCHA LEÃO | O.S N°03 | 10.6 x 3.5 = 37.1
15.030.0032-A;UN;28;21;19;MED01,MED02,MED03,MED04,MED05,MED06,MED07,MED08,MED09;E.M ROCHA LEÃO |  | 1 = 1;Escola M. Fany Batista Esteves | 1977 | 2 = 2
13.330.0053-A;M2;28;21;19;MED01,MED02,MED03,MED04,MED05,MED06,MED07,MED08,MED09;GABINETE | PISO | 2 x 1.74 = 3.48;GABINETE | PISO | 2 x 1.64 = 3.28
14.007.0065-A;UN;27;16;20;MED01,MED02,MED03,MED04,MED05,MED06,MED07,MED08,MED09;E.M. José Luiz de Lemos (O.S 501) | O.S 501 | 2 = 2;Creche Escola M. Maria Rosa Ribeiro Pinheiro (O.S 531) | O.S 531 | 2 = 2
15.008.0090-A;M;26;18;15;MED01,MED02,MED03,MED04,MED05,MED06,MED07,MED08,MED09;E.M. Prefeito Paulo Pinheiro (O.S 579) | O.S 579 | 10 = 10;E.M. Maria Teixeira de Paula (O.S 633) | O.S 633 | 10 = 10
15.004.0255-A;UN;26;12;20;MED01,MED02,MED03,MED04,MED05,MED06,MED07,MED08,MED09;CIEP Mestre Marçal Municipalizado (O.S 120) | O.S 120 | 1 = 1;IMERO (O.S 134) | O.S 134 | 1 = 1
16.002.0010-A;M2;26;21;17;MED01,MED02,MED03,MED04,MED05,MED06,MED07,MED08,MED09;ROCHA LEÃO | O.S N° 06 | 15 x 10 = 150;IMERO (O.S 253) | O.S 253 | 30 x 10 x 0.2 = 60
15.036.0028-A;M;26;16;20;MED01,MED02,MED03,MED04,MED05,MED06,MED07,MED08,MED09;GABINETE |  | 1 = 1;Escola M. Jovenil Bastos da Silva (O.S 111) | O.S 111 | 18 = 18
13.003.0005-A;M2;25;4;10;MED01,MED02,MED03,MED04,MED05,MED06,MED07,MED08,MED09;Escola M. João Bento Duarte Neto | MURO INTERNO | 132.4 x 1.7 x 0.04 = 9.0032;Escola M. João Bento Duarte Neto | PAREDES EXTERNAS | 9 x 3.35 x 0.04 = 1.206
18.013.0106-A;UN;25;21;18;MED01,MED02,MED03,MED04,MED05,MED06,MED07,MED08,MED09;Creche M. Dona Senhorinha (O.S 379) | O.S 379 | 1 = 1;E.M. João Batista Gomes da Cruz (O.S 510) | O.S 510 | 1 = 1
05.001.0043-A;M2;25;13;16;MED01,MED02,MED03,MED04,MED05,MED06,MED07,MED08,MED09;ROCHA LEÃO | O.S N° 06 | 15 x 20 = 300;IMERO (O.S 253) | O.S 253 | 30 x 10 x 0.2 = 60
14.002.0220-A;M;24;10;10;MED01,MED02,MED03,MED04,MED05,MED06,MED07,MED08,MED09;PRAÇA DO SKATE | 1249 | 25 x 1.5 x 0.8 = 30;Praça do Skate | GUARDA-CORPO | 342.4 x 1.2 x 0.3 = 123.264
13.330.0076-A;M2;24;12;4;MED01,MED02,MED03,MED04,MED05,MED06,MED07,MED08,MED09;E.M. Padre José Dilson Dórea (O.S 350) | O.S 350 | 2 x 4 = 8;E.M Prof. América Abdalla (O.S 698) | O.S 698 | 3.1 x 2.2 = 6.82
13.030.0290-A;M2;23;16;11;MED01,MED02,MED03,MED04,MED05,MED06,MED07,MED08,MED09;ROCHA LEÃO | O.S N° 03 | 10 x 1.5 = 15;ROCHA LEÃO | O.S N° 03 | 27 x 1.2 = 32.4
14.007.0277-A;UN;23;17;17;MED01,MED02,MED03,MED04,MED05,MED06,MED07,MED08,MED09;Escola M. Rosângela Duarte Faria (O.S 383) | O.S 383 | 4 = 4;Escola M. Prefeito Paulo Pinheiro (O.S 520) | O.S 520 | 1 = 1
05.001.0014-A;M2;22;12;5;MED01,MED02,MED03,MED04,MED05,MED06,MED07,MED08,MED09;GABINETE | PAREDES | 4.26 x 2.7 = 11.5;C.B.F Centro de Treinamento Gilson Zarour | VESTIÁRIO 01 | 19.34 x 2.8 = 54.15
15.007.0570-A;UN;21;17;18;MED01,MED02,MED03,MED04,MED05,MED06,MED07,MED08,MED09;E.M. Profº Rosângela Duarte Faria (O.S 663) | O.S 663 | 2 = 2;SEMEDE (O.S 789) | O.S 789 | 1 = 1
06.272.0035-A;UN;21;13;12;MED01,MED02,MED03,MED04,MED05,MED06,MED07,MED08,MED09;E.M Jovenil Bastos (O.S 111) | O.S 111 | 6 = 6;
14.007.0041-A;UN;21;13;14;MED01,MED02,MED03,MED04,MED05,MED06,MED07,MED08,MED09;E.M. Fany Batista Esteves (O.S 511) | O.S 511 | 3 = 3;E.M. Mônica de Andrade Ribeiro (O.S 590) | O.S 590 | 2 = 2
13.330.0101-A;M;21;13;3;MED01,MED02,MED03,MED04,MED05,MED06,MED07,MED08,MED09;E.M ROCHA LEÃO | SALA 01 | 16.06 x 1 = 16.06;E.M ROCHA LEÃO | SALA 02 | 19 x 1 = 19
12.003.0075-B;M2;21;17;10;MED01,MED02,MED03,MED04,MED05,MED06,MED07,MED08,MED09;E.M. JOÃO BENTO |  | 0.9 x 2.1 x 1 = 1.89;E.M ROCHA LEÃO | CASA DE GÁS | 5.46 x 1.9 x 1 = 10.37
15.004.0063-A;UN;20;10;14;MED01,MED02,MED03,MED04,MED05,MED06,MED07,MED08,MED09;E.M. Profº América Abdalla (O.S ) |  | 5 = 5;E.M Cláudio Ribeiro | EMERGENCIAL | 2 = 2
12.016.0004-A;M2;20;10;11;MED01,MED02,MED03,MED04,MED05,MED06,MED07,MED08,MED09;E. M. João Bento Duarte Neto | O.S 45 | 3.65 x 3 = 10.95;E. M. João Bento Duarte Neto | O.S 45 | 2.65 x 3 = 7.95
03.010.0024-A;M3;20;13;8;MED01,MED02,MED03,MED04,MED05,MED06,MED07,MED08,MED09;E.M Jovenil Bastos (O.S 111) | O.S 111 | 6 x 0.5 x 0.1 = 0.3;E.M José de Oliveira Martins (O.S 318) | O.S 318 | 5 x 5 x 0.3 = 7.5
03.011.0015-B;M3;20;13;8;MED01,MED02,MED03,MED04,MED05,MED06,MED07,MED08,MED09;E.M. Jerônymo Mendes da Costa (O.S 630) | O.S 630 | 5.4 x 2.3 x 0.15 = 1.863;E.M Jovenil Bastos (O.S 111) | O.S 111 | 6 x 0.5 x 0.1 = 0.3
13.365.0170-A;M;20;1;2;MED01,MED02,MED03,MED04,MED05,MED06,MED07,MED08,MED09;CAMPO GILBERTO CABRAL |  | 0.62 x 10 = 6.2;CAMPO GILBERTO CABRAL |  | 0.94 x 3 = 2.82
18.013.0109-A;UN;19;15;15;MED01,MED02,MED03,MED04,MED05,MED06,MED07,MED08,MED09;E.M. Prefeito Paulo Pinheiro (O.S 745) | O.S 745 | 1 = 1;E.M. João Bento Duarte Neto (O.S 797) | O.S 797 | 1 = 1
15.015.0251-A;UN;19;15;15;MED01,MED02,MED03,MED04,MED05,MED06,MED07,MED08,MED09;Creche E.M. Maria Rosa Ribeiro Pinheiro (O.S 288) | O.S 288 | 2 = 2;Escola M. João Bento Duarte Neto (O.S 549) | O.S 549 | 10 = 10
03.009.0080-A;M3;19;12;7;MED01,MED02,MED03,MED04,MED05,MED06,MED07,MED08,MED09;E.M Jovenil Bastos (O.S 111) | O.S 111 | 6 x 0.5 x 0.1 = 0.3;E.M José de Oliveira Martins (O.S 318) | O.S 318 | 5 x 5 x 0.3 = 7.5
14.006.0012-A;UN;19;12;15;MED01,MED02,MED03,MED04,MED05,MED06,MED07,MED08,MED09;E.M TIA LOLA |  | 1 = 1;Escola M. Senhorinha de Oliveira Gomes (O.S 869) | O.S 869 | 1 = 1
14.002.0132-A;M2;19;11;11;MED01,MED02,MED03,MED04,MED05,MED06,MED07,MED08,MED09;E.M. Nadir da Silva Salvador (O.S 808) | O.S 808 | 1 x 1 x 0.5 x 1 = 0.5;E.M TIA LOLA | GRADE DAS JANELAS | 2 x 1 x 0.4 x 6 = 4.8
12.005.0030-A;M2;18;11;8;MED01,MED02,MED03,MED04,MED05,MED06,MED07,MED08,MED09;E.M. ROCHA LEÃO | ENCHIMENTO DE BLOCO | 70 x 0.4 x 1 = 28;PRAÇA DE SKATE | RAMPA DE MANOBRA | 6 x 0.8 x 1 = 4.8
15.004.0046-A;UN;18;12;13;MED01,MED02,MED03,MED04,MED05,MED06,MED07,MED08,MED09;E.M. ROCHA LEÃO |  | 1 = 1;Creche M. Maria Rosa Ribeiro Pinheiro | 726 | 1 = 1
18.007.0080-A;UN;18;12;13;MED01,MED02,MED03,MED04,MED05,MED06,MED07,MED08,MED09;CRECHE TIA DIDI |  | 1 = 1;Creche M. Maria Rosa Ribeiro Pinheiro | 726 | 1 = 1
15.008.0100-A;M;17;11;11;MED01,MED02,MED03,MED04,MED05,MED06,MED07,MED08,MED09;Creche E.M. Maria Rosa Ribeiro Pinheiro (O.S 288) | O.S 288 | 20 = 20;Campo Society Gilberto Cabral (O.S 764) | O.S 764 | 50 = 50
17.035.0020-A;M2;17;6;10;MED01,MED02,MED03,MED04,MED05,MED06,MED07,MED08,MED09;E.M. AMÉRICA ABDALLA | O.S N° 11 | 0.9 x 2.1 x 18 = 34.02;PRAÇA DE SKATE | 1118 | 6 x 3.7 = 22.2
05.001.0023-A;M3;17;11;7;MED01,MED02,MED03,MED04,MED05,MED06,MED07,MED08,MED09;E.M. João Bento | O.S 53 | 0.8 x 2.1 x 0.2 x 1 = 0.336;Creche M. Valdira Flausino Rodrigues (0.S 42) | VÃO DE PORTA | 0.8 x 2.1 x 0.2 x 1 = 0.336
15.004.0060-B;UN;17;12;12;MED01,MED02,MED03,MED04,MED05,MED06,MED07,MED08,MED09;E.M. Profº Solange Viana (O.S 455) | O.S 455 | 1 = 1;Escola M. Rosângela Duarte Faria (O.S 896) | O.S 896 | 3 = 3
14.003.0225-A;M2;16;8;13;MED01,MED02,MED03,MED04,MED05,MED06,MED07,MED08,MED09;E.M ABDALLA | O.S N° 11 | 0.6 x 1.8 x 1 = 1.08;E.M. AMÉRICA ABDALLA |  | 0.6 x 1.8 x 3 = 3.24
16.020.0001-A;M2;16;13;15;MED02,MED03,MED04,MED05,MED06,MED07,MED08,MED09;E.M. ABDALLA |  | 196.28 x 0.6 = 117.77;E. M. João Batista Gomes da Cruz | O.S 129 | 10 x 1 = 10
04.020.0122-A;M2XKM;16;1;9;MED01,MED02,MED03,MED04,MED05,MED06,MED07,MED08,MED09;ROCHA LEÃO | O.S N°06 | 105 x 25 = 2625;E.M AMÉRICA ABDALLA |  | 25 x 1 = 25
15.015.0199-A;UN;16;11;12;MED01,MED02,MED03,MED04,MED05,MED06,MED07,MED08,MED09;E.M FANY BATISTA | FOTO CÉLULA | 3 = 3;E.M TIA LOLA | FOTO CÉLULA | 3 = 3
05.005.0012-B;M2;16;1;9;MED01,MED02,MED03,MED04,MED05,MED06,MED07,MED08,MED09;ROCHA LEÃO | O.S N°06 | 30 x 1.2 = 36;E.M AMÉRICA ABDALLA |  | 25 x 1.2 = 30
15.036.0027-A;M;15;7;8;MED01,MED02,MED03,MED04,MED05,MED06,MED07,MED08,MED09;CAMPO GILBERTO CABRAL |  | 24 = 24;E.M. João Batista (Retirada de ar na bomba) | M12 - EMERGÊNCIAL | 30 = 30
04.005.0120-A;T X KM;15;8;5;MED01,MED02,MED03,MED04,MED05,MED06,MED07,MED08,MED09;Transporte de itens diverso, em caminhão de carroceria fixa e com capacidade de 8,0T  do deposito  da empresa até o local de aplicação, itens como ferramentas, argamassa, portas, janelas, latas de tinta e massa, tijolos, telhas, e outros. |  | 9 x 8 x 10 x 22 = 15840;Transporte de itens diverso, em caminhão de carroceria fixa e com capacidade de 8,0T  do deposito  da empresa até o local de aplicação, itens como ferramentas, argamassa, portas, janelas, latas de tinta e massa, tijolos, telhas, e outros. |  | 12 x 8 x 10 x 22 = 21120
18.003.0003-A;UN;15;9;8;MED01,MED02,MED03,MED04,MED05,MED06,MED07,MED08,MED09;Escola M. Rosângela Duarte Faria | 1562 | 1 = 1;Escola M. Nelzir Pereira Mello | 74 | 1 = 1
05.001.0055-A;M2;15;6;5;MED01,MED02,MED03,MED04,MED05,MED06,MED07,MED08,MED09;E.M ROCHA LEÃO | PAREDE | 1.7 x 2 x 1 = 3.4;E.M ROCHA LEÃO | PAREDE | 1.55 x 0.9 x 1 = 1.4
15.036.0045-A;M;15;10;11;MED01,MED02,MED03,MED04,MED05,MED06,MED07,MED08,MED09;E.M. Jerônymo Mendes da Costa (O.S 432) | O.S 432 | 6 = 6;Creche M. Dona Senhorinha (O.S 641) | O.S 641 | 12 = 12
18.082.0020-A;M;15;1;4;MED01,MED02,MED03,MED04,MED05,MED06,MED07,MED08,MED09;GABINETE |  | 4.28 = 4.28;CAMPO GILBERTO CABRAL |  | 1.79 x 3 = 5.37
08.020.0022-A;M2;15;9;10;MED01,MED02,MED03,MED04,MED05,MED06,MED07,MED08,MED09;E.M Jovenil Bastos (O.S 111) | O.S 111 | 6 x 0.5 = 3;Escola M. João Bento Duarte Neto | 1587 | 3.8 x 2.3 = 8.74
04.021.0010-A;M2;15;1;9;MED01,MED02,MED03,MED04,MED05,MED06,MED07,MED08,MED09;ROCHA LEÃO | O.S N°06 | 30 x 1.2 = 36;E.M AMÉRICA ABDALLA |  | 25 x 1 = 25
18.006.0025-A;UN;14;7;8;MED01,MED02,MED03,MED04,MED05,MED06,MED07,MED08,MED09;E.M. Profº América Abdalla (O.S ) |  | 5 = 5;E.M Cláudio Ribeiro |  | 2 = 2
14.007.0270-A;UN;14;12;12;MED01,MED02,MED03,MED04,MED05,MED06,MED07,MED08,MED09;Escola M. Fany Batista Esteves (O.S 1057) | O.S 1057 | 1 = 1;Escola M. Jerônymo Mendes da Costa | 150 | 1 = 1
05.001.0009-A;M2;14;5;4;MED01,MED02,MED03,MED04,MED05,MED06,MED07,MED08,MED09;GABINETE | PAREDES | 4.26 x 2.7 = 11.5;C.B.F Centro de Treinamento Gilson Zarour | VESTIÁRIO 01 | 19.34 x 2.8 = 54.15
05.001.0001-A;M3;14;10;10;MED01,MED02,MED03,MED04,MED05,MED06,MED07,MED08,MED09;E.M. Ondina Pinto Marcondes (O.S 673) | O.S 673 | 2 x 2.3 x 0.1 = 0.46;E.M. Senhorinha de Oliveira Gomes (O.S 439) | O.S 439 | 1 x 0.2 x 0.15 = 0.03
13.196.0151-A;M2;14;3;3;MED01,MED02,MED03,MED04,MED05,MED06,MED07,MED08,MED09;E.M ROCHA LEÃO | TETO | 0.5 x 0.5 x 5 = 10;NUGEPE | PLACA CIMENTÍCIA | 1.81 x 2.84 x 3 = 15.42
12.016.0024-A;M2;14;1;3;MED01,MED02,MED03,MED04,MED05,MED06,MED07,MED08,MED09;E.M TIA LOLA |  | 12 x 2.5 = 30;E.M TIA LOLA |  | 4.5 x 2.5 = 11.25
15.004.0110-A;UN;14;6;6;MED01,MED02,MED03,MED04,MED05,MED06,MED07,MED08,MED09;E.M ROCHA LEÃO |  | 1 = 1;CIEP Mestre Marçal Municipalizado | 98 | 1 = 1
19.004.0001-C;H;13;1;2;MED01,MED02,MED03,MED04,MED05,MED06,MED07,MED08,MED09;CAMINHÃO |  | 1 x 176 x 1 + 24 = 200;KOMBI |  | 1 x 176 x 1 + 24 = 200
18.027.0305-A;UN;13;6;6;MED01,MED02,MED03,MED04,MED05,MED06,MED07,MED08,MED09;E.M. Profº América Abdalla (O.S 15) | O.S 15 | 30 = 30;
04.006.0008-B;T;13;4;6;MED01,MED02,MED03,MED04,MED05,MED06,MED07,MED08,MED09;IMERO (O.S 253) | O.S 253 | 2 x 1.5 x 3 = 9;CEMAE (O.S 587) | O.S 587 | 3 x 1.5 x 4 = 18
15.007.0600-A;UN;13;3;7;MED01,MED02,MED03,MED04,MED05,MED06,MED07,MED08,MED09;Escola M. Mônica de Andrade Ribeiro (O.S 825) | O.S 825 | 1 = 1;Escola M. Nelzir Pereira Mello |  | 1 = 1
14.004.0120-A;M2;13;6;7;MED01,MED02,MED03,MED04,MED05,MED06,MED07,MED08,MED09;GABINETE |  | 1.3 x 2.55 x 1 = 3.315;Escola M. Senhorinha de Oliveira Gomes (O.S 634) | O.S 634 | 1.1 x 2.5 x 1 = 2.75
13.301.0125-B;M2;13;7;5;MED01,MED02,MED03,MED04,MED05,MED06,MED07,MED08,MED09;E.M ROCHA LEÃO | BANHEIRO EXTERNO | 11.9 x 2.9 x 1 = 34.51;Escola M. Padre José Dórea | 449 | 14 x 0.8 x 1 = 11.2
13.022.0040-A;M2;13;5;4;MED01,MED02,MED03,MED04,MED05,MED06,MED07,MED08,MED09;Escola M. Simar Machado Sodré | 773 | 2 x 1.12 x 1 = 2.24;Escola M. Nilton Balthazar | 1226 | 1.7 x 1.2 x 1 = 2.04
18.016.0040-A;UN;13;4;7;MED01,MED02,MED03,MED04,MED05,MED06,MED07,MED08,MED09;Escola M. Prefeito Cláudio Ribeiro (O.S. 794) | O.S 794 | 1 = 1;Escola M. Senhorinha de Oliveira Gomes (O.S. 935) | O.S 935 | 4 = 4
15.029.0080-A;UN;13;4;5;MED01,MED02,MED03,MED04,MED05,MED06,MED07,MED08,MED09;E.M. INAYÁ MORÁES D´COUTO | 1802 | 1 = 1;E.M. ENEDINA FIDÉLIS MOREIRA | 1882 | 1 = 1
18.002.0010-A;UN;12;6;7;MED01,MED02,MED03,MED04,MED05,MED06,MED07,MED08,MED09;E.M. Profº Solange Viana (O.S 455) | O.S 455 | 1 = 1;Estádio Emília Rosa Guimarães | 1538 | 1 = 1
17.018.0185-A;M2;12;2;2;MED01,MED02,MED03,MED04,MED05,MED06,MED07,MED08,MED09;E.M. ROCHA LEÃO | MURETA | 95.1 x 1.9 = 180.69;E.M. ROCHA LEÃO | MURETA | 95.1 x 0.19 = 18.07
15.004.0085-A;UN;12;5;5;MED01,MED02,MED03,MED04,MED05,MED06,MED07,MED08,MED09;Escola M. Rosângela Duarte Faria | 1562 | 1 = 1;Escola M. Nelzir Pereira Mello | 74 | 1 = 1
15.005.0215-A;UN;12;6;6;MED01,MED02,MED03,MED04,MED05,MED06,MED07,MED08,MED09;E.M Nadir da Silva (O.S 176) | O.S 176 | 4 = 4;E.M Maria da Penha (O.S 763) | O.S 763 | 5 = 5
15.030.0034-A;UN;12;3;4;MED01,MED02,MED03,MED04,MED05,MED06,MED07,MED08,MED09;CAMPO GILBERTO CABRAL |  | 1 = 1;Escola M. Marinete Coelho Souza | 1400 | 4 = 4
15.007.0520-A;UN;12;4;4;MED01,MED02,MED03,MED04,MED05,MED06,MED07,MED08,MED09;CEMAEE - Centro M. de Atentimento Edu. Especializado | 1517 | 2 = 2;Escola M. América Abdalla | M18 - EMERGÊNCIAL | 1 = 1
18.002.0080-A;UN;12;6;8;MED01,MED02,MED03,MED04,MED05,MED06,MED07,MED08,MED09;GABINETE |  | 2 = 2;CEMADA (O.S 891) | O.S 891 | 1 = 1
14.008.0089-A;M2;12;12;9;MED07;Escola M. Rosângela Duarte Faria | 665 | 2.5 x 1.2 x 1 = 3;Escola M. Pedro Moreira dos Santos | 937 | 2.5 x 1.2 x 4 = 12
05.001.0011-A;M2;12;4;3;MED01,MED02,MED03,MED04,MED05,MED06,MED07,MED08,MED09;Escola M. Nilton Balthazar | 1226 | 1.7 x 1.2 = 2.04;NUGEPE | 1800 | 2 x 2 = 4
06.272.0021-A;UN;12;5;7;MED01,MED02,MED03,MED04,MED05,MED06,MED07,MED08,MED09;E.M Jovenil Bastos (O.S 111) | O.S 111 | 6 = 6;E.M Nadir da Silva (O.S 286) | O.S 286 | 10 = 10
05.001.0146-A;M;12;6;5;MED01,MED02,MED03,MED04,MED05,MED06,MED07,MED08,MED09;CAMPO GILBERTO CABRAL | ADM. | 2 = 2;CAMPO GILBERTO CABRAL | WC ADM. | 2 = 2
16.001.0085-A;M2;11;6;6;MED01,MED02,MED03,MED04,MED05,MED06,MED07,MED08,MED09;CEMAE (O.S 587) | O.S 587 | 7.5 x 6 x 0.5 = 22.5;E.M JERÔNIMO MENDES (O.S 41 /25) | O.S 41 /25 | 4 x 2 x 1 = 8
06.272.0038-A;UN;11;3;2;MED01,MED02,MED03,MED04,MED05,MED06,MED07,MED08,MED09;Escola M. Rosangela Duarte | 79 | 5 = 5;E.M. MONICA DE ANDRADE RIBEIRO | 1767 | 1 = 1
13.196.0050-A;M2;11;2;2;MED01,MED02,MED03,MED04,MED05,MED06,MED07,MED08,MED09;ROCHA LEÃO | O.S N°03 | 10.6 x 10 = 106;ROCHA LEÃO | O.S N°03 | 3.44 x 8.32 = 28.62
16.002.0025-A;M;11;2;4;MED01,MED02,MED03,MED04,MED05,MED06,MED07,MED08,MED09;ROCHA LEÃO | O.S N° 06 | 15 x 10 x 0.45 = 67.5;E.M ROCHA LEÃO | TELHADO | 13.18 x 1 = 13.18
15.007.0572-A;UN;11;4;4;MED01,MED02,MED03,MED04,MED05,MED06,MED07,MED08,MED09;E.M. Maria da Penha de Oliveira (O.S 761) | O.S 761 | 4 = 4;E.M. Sebastião Loubach (O.S 793) | O.S 793 | 2 = 2
15.007.0605-A;UN;11;6;6;MED01,MED02,MED03,MED04,MED05,MED06,MED07,MED08,MED09;E.M MONICA DE ANDRADE | EMERGENCIAL | 2 = 2;Escola M. Jovenil Bastos da Silva | 1348 | 1 = 1
15.030.0038-A;UN;11;3;3;MED01,MED02,MED03,MED04,MED05,MED06,MED07,MED08,MED09;Escola M. Henrique Sarzedas | 1738 | 5 = 5;CEMADA | 1905 | 1 = 1
09.015.0200-A;M2;11;2;4;MED01,MED02,MED03,MED04,MED05,MED06,MED07,MED08,MED09;E.M Senhorinha de Oliveira |  | 20 x 4 x 0.3 = 24;Escola M. Rocha Leão |  | 3 x 1.5 x 10 = 45
15.029.0049-A;UN;11;4;4;MED01,MED02,MED03,MED04,MED05,MED06,MED07,MED08,MED09;Creche M. Maria Rosa Ribeiro Pinheiro | 1267 | 1 = 1;Escola M. Senhorinha de Oliveira Gomes | 1475 | 1 = 1
09.015.0040-A;M2;11;3;5;MED01,MED02,MED03,MED04,MED05,MED06,MED07,MED08,MED09;E.M Senhorinha de Oliveira |  | 20 x 4 x 0.3 = 24;Escola M. Padre José Dilson Dórea | 292 | 96 x 3 x 0.2 = 57.6
15.007.0608-A;UN;11;5;4;MED01,MED02,MED03,MED04,MED05,MED06,MED07,MED08,MED09;SEMEDE (O.S 72) | O.S 72 | 1 = 1;Escola M. América Abdalla (O.S 1051) | O.S 1051 | 2 = 2
15.036.0046-A;M;11;4;5;MED01,MED02,MED03,MED04,MED05,MED06,MED07,MED08,MED09;Escola M. Prefeito Célio Sarzedas (O.S. 839) | O.S 839 | 1 = 1;Escola M. João Bento Duarte Neto | 1180 | 10 = 10
14.002.0013-A;M2;11;4;7;MED01,MED02,MED03,MED04,MED05,MED06,MED07,MED08,MED09;ROCHA LEÃO | O.S N° 03 | 1.5 x 2 x 2 = 6;E.M. Inaya Moraes |  | 0.9 x 2.1 x 0.3 = 0.57
15.007.0415-A;UN;11;4;4;MED01,MED02,MED03,MED04,MED05,MED06,MED07,MED08,MED09;E.M Nadir da Silva (O.S 176) | O.S 176 | 1 = 1;E.M Maria da Penha (O.S 763) | O.S 763 | 1 = 1
14.007.0290-A;UN;11;0;0;MED01,MED02,MED03,MED04,MED05,MED06,MED07,MED08,MED09;;
05.001.0074-A;M2;11;5;5;MED01,MED02,MED03,MED04,MED05,MED06,MED07,MED08,MED09;E.M AMÉRICA ABDALLA | O.S N°14 | 30 x 3 = 90;Escola M. Mônica de Andrade Ribeiro | 1271 | 6 x 4 = 24
06.272.0002-A;M;11;4;6;MED01,MED02,MED03,MED04,MED05,MED06,MED07,MED08,MED09;E.M Jovenil Bastos (O.S 111) | O.S 111 | 6 = 6;E.M Nadir da Silva (O.S 286) | O.S 286 | 30 = 30
16.005.0018-A;M;11;6;6;MED01,MED02,MED03,MED04,MED05,MED06,MED07,MED08,MED09;E.M. ABDALLA | O.S N° 14 | 29.6 x 14 = 414.4;E.M JERÔNIMO MENDES (O.S 41 /25) | O.S 41 /25 | 8 x 1 = 8
05.001.0008-A;M2;11;2;6;MED01,MED02,MED03,MED04,MED05,MED06,MED07,MED08,MED09;Creche M. Valdira Flausino Rodrigues |  | 14.6 x 0.8 x 1 = 11.68;C.B.F Centro de Treinamento Gilson Zarour | 1119 | 3 x 3 x 1 = 9
18.013.0156-A;UN;10;1;4;MED01,MED02,MED03,MED04,MED05,MED06,MED07,MED08,MED09;Escola M. Marinete Coelho Souza |  | 1 = 1;CAMPO GILBERTO CABRAL |  | 6 = 6
04.006.0013-B;T;10;3;3;MED01,MED02,MED03,MED04,MED05,MED06,MED07,MED08,MED09;IMERO (O.S 253) | O.S 253 | 60 x 0.1 x 3 = 18;
05.001.0002-B;M3;10;3;2;MED01,MED02,MED03,MED04,MED05,MED06,MED07,MED08,MED09;Escola M. Rosângela Duarte Faria | 1661 | 0.15 x 0.15 x 0.2 x 30 = 0.135;CAMPO GILBERTO CABRAL | MURETA | 179.4 x 0.4 x 0.19 = 13.63
18.011.0003-A;UN;10;3;4;MED01,MED02,MED03,MED04,MED05,MED06,MED07,MED08,MED09;C.B.F Centro de Treinamento Gilson Zarour |  | 1119 = 1;Escola M. Senhorinha de Oliveira Gomes | L51 | 1 = 1
15.028.0010-A;UN;10;3;5;MED01,MED02,MED03,MED04,MED05,MED06,MED07,MED08,MED09;E.M ROCHA LEÃO |  | 1 = 1;Escola M. Ernestina Jorge Pereira (O.S 476) | O.S 476 | 4 = 4
11.030.0080-A;M2;10;4;3;MED01,MED02,MED03,MED04,MED05,MED06,MED07,MED08,MED09;E.M ROCHA LEÃO | CASA DE GÁS | 1.86 x 0.87 x 1 = 1.62;E.M ROCHA LEÃO | BANHEIRO EXTERNO | 4.3 x 1.8 x 1 = 7.74
13.180.0015-B;M2;10;4;5;MED01,MED02,MED03,MED04,MED05,MED06,MED07,MED08,MED09;ROCHA LEÃO |  | 37 x 4 = 148;E.M. Maria Teixeira | O.S 230 | 2.3 x 2 = 4.6
15.030.0030-A;UN;10;2;3;MED01,MED02,MED03,MED04,MED05,MED06,MED07,MED08,MED09;CAMPO GILBERTO CABRAL |  | 2 = 2;E.M. MARIA TEIXEIRA DE PAULA | 1885 | 4 = 4
18.027.0445-A;UN;10;1;2;MED01,MED02,MED03,MED04,MED05,MED06,MED07,MED08,MED09;E.M ROCHA LEÃO |  | 20 = 20;SEMEDE (O.S 883) | O.S 883 | 4 = 4
15.029.0011-A;UN;10;3;4;MED01,MED02,MED03,MED04,MED05,MED06,MED07,MED08,MED09;E.M. Jerônymo Mendes da Costa (O.S 432) | O.S 432 | 1 = 1;E.M. Maria da Penha de Oliveira (O.S 752) | O.S 752 | 1 = 1
16.005.0027-A;M;10;4;4;MED01,MED02,MED03,MED04,MED05,MED06,MED07,MED08,MED09;E.M. ABDALLA | O.S N° 14 | 29.6 x 2 = 59.2;E.M JERÔNIMO MENDES (O.S 41 /25) | O.S 41 /25 | 8 x 1 = 8
16.005.0006-A;M2;10;5;5;MED01,MED02,MED03,MED04,MED05,MED06,MED07,MED08,MED09;E.M. ABDALLA | O.S N° 14 | 30 x 4 = 120;Escola M. Mônica de Andrade | 12 | 20 x 6 = 120
16.002.0015-A;M;10;3;3;MED01,MED02,MED03,MED04,MED05,MED06,MED07,MED08,MED09;CEMAE (O.S 587) | O.S 587 | 7.5 = 7.5;E.M JERÔNIMO MENDES (O.S 41 /25) | O.S 41 /25 | 8 = 8
06.272.0032-A;UN;10;2;2;MED01,MED02,MED03,MED04,MED05,MED06,MED07,MED08,MED09;E.M Jovenil Bastos (O.S 111) | O.S 111 | 6 = 6;E.M Nadir da Silva (O.S 286) | O.S 286 | 5 = 5
16.027.0001-A;M2;10;1;2;MED01,MED02,MED03,MED04,MED05,MED06,MED07,MED08,MED09;E.M. Mônica de Andrade Ribeiro (O.S 466) | O.S 466 | 1.8 x 2 x 6 = 21.6;E.M Senhorinha de Oliveira Gomes |  | 15 x 3 = 45
06.272.0029-A;UN;10;3;3;MED01,MED02,MED03,MED04,MED05,MED06,MED07,MED08,MED09;E.M Jovenil Bastos (O.S 111) | O.S 111 | 6 = 6;E.M Nadir da Silva (O.S 286) | O.S 286 | 10 = 10
05.001.0071-A;M;10;1;1;MED01,MED02,MED03,MED04,MED05,MED06,MED07,MED08,MED09;CAMPO GILBERTO CABRAL | PORTA DE ENTRADA QUIOSQUE | 1 x 1 = 1;CAMPO GILBERTO CABRAL | PORTA DE ENTRADA QUIOSQUE | 1 x 1 = 1
16.001.0050-A;M2;10;5;6;MED01,MED02,MED03,MED04,MED05,MED06,MED07,MED08,MED09;CEMAE (O.S 587) | O.S 587 | 7.5 x 6 = 45;E.M JOÃO BATISTA (O.S 33/25) | O.S 33/25 | 8 x 4 = 32
15.036.0048-A;M;10;4;4;MED01,MED02,MED03,MED04,MED05,MED06,MED07,MED08,MED09;Escola M. Jovenil Bastos da Silva (O.S 111) | O.S 111 | 6 = 6;E.M. PROFª AMÉRICA ABDALLA | 1759 | 30 = 30
06.001.0242-A;M;10;2;4;MED01,MED02,MED03,MED04,MED05,MED06,MED07,MED08,MED09;E.M ROCHA LEÃO |  | 24 = 24;Escola M. Jovenil Bastos da Silva | 1384 | 16 = 16
18.002.0030-A;UN;10;1;1;MED01,MED02,MED03,MED04,MED05,MED06,MED07,MED08,MED09;E. M. ROCHA LEÃO | O.S N° 05 |  = 2;
16.001.0067-A;UN;10;3;3;MED01,MED02,MED03,MED04,MED05,MED06,MED07,MED08,MED09;CEMAE (O.S 587) | O.S 587 | 3 = 3;E.M JERÔNIMO MENDES (O.S 41 /25) | O.S 41 /25 | 1 = 1
15.008.0095-A;M;10;4;5;MED01,MED02,MED03,MED04,MED05,MED06,MED07,MED08,MED09;Escola M. Neli Aparecida Tâmara Luiz | 250 | 30 = 30;FESTÃO PARA FESTAS JUNINAS |  | 4000 = 4000
15.001.0028-A;UN;10;2;3;MED01,MED02,MED03,MED04,MED05,MED06,MED07,MED08,MED09;Escola M. Rosângela Duarte Faria | 1553 | 1 = 1;E.M ROCHA LEÃO |  | 1 = 1
15.004.0059-A;UN;10;2;2;MED01,MED02,MED03,MED04,MED05,MED06,MED07,MED08,MED09;Escola M. Solange Viana | 2093 | 1 = 1;CEMADA | M40 | 1 = 1
15.008.0105-A;M;10;2;2;MED01,MED02,MED03,MED04,MED05,MED06,MED07,MED08,MED09;E. M. JOVENIL BASTOS DA SILVA | O.S N° 24 |  = 60;
14.003.0260-A;M;10;3;3;MED01,MED02,MED03,MED04,MED05,MED06,MED07,MED08,MED09;E.M RIO DAS OSTRAS | LIMPEZA DE REDE DE DRENAGEM | 95 = 95;Creche M. Márcia Lustosa Machado | M79 | 10 = 10
15.007.0425-A;UN;10;3;3;MED01,MED02,MED03,MED04,MED05,MED06,MED07,MED08,MED09;Escola M. Alzir David Pereira | 1004 | 1 = 1;
15.004.0061-A;UN;10;3;3;MED01,MED02,MED03,MED04,MED05,MED06,MED07,MED08,MED09;E.M. Senhorinha de Oliveira Gomes (O.S 439) | O.S 439 | 1 = 1;E.M Solange Viana (O.S 421) | O.S 421 | 1 = 1
14.003.0076-A;M2;10;2;2;MED01,MED02,MED03,MED04,MED05,MED06,MED07,MED08,MED09;E.M. SENHORINHA DE OLIVEIRA GOMES | SALA 18 | 1.5 x 0.6 x 0.2 = 0.18;E.M ROCHA LEÃO | PASSA PRATO | 0.6 x 0.46 x 1 = 0.276
15.005.0253-A;KG;10;2;2;MED01,MED02,MED03,MED04,MED05,MED06,MED07,MED08,MED09;E.M MARIA DA PENHA | O.S N° 26 | 1 = 0;
05.001.0040-A;M2;9;2;3;MED01,MED02,MED03,MED04,MED05,MED06,MED07,MED08,MED09;E.M. ABDALLA |  | 30 x 3.5 = 105;Escola M. Mônica de Andrade | 12 | 20 x 6 = 120
18.008.0005-A;UN;9;1;1;MED01,MED02,MED03,MED04,MED05,MED06,MED07,MED08,MED09;E.M. Sebastião Loubach | O.S 36 |  = 1;
18.007.0042-A;UN;9;0;0;MED01,MED02,MED03,MED04,MED05,MED06,MED07,MED08,MED09;;
18.006.0050-A;UN;9;0;0;MED01,MED02,MED03,MED04,MED05,MED06,MED07,MED08,MED09;;
05.001.0041-A;M2;9;1;2;MED01,MED02,MED03,MED04,MED05,MED06,MED07,MED08,MED09;E.M. Nilton Baltazar | O.S 192 | 2.44 x 1.1 = 2.68;CIEP MESTRE MARÇAL |  | 60 x 15 x 0.2 = 180
18.008.0007-A;UN;9;1;1;MED01,MED02,MED03,MED04,MED05,MED06,MED07,MED08,MED09;E.M. Sebastião Loubach | O.S 340 |  = 1;
15.002.0063-A;UN;9;0;1;MED01,MED02,MED03,MED04,MED05,MED06,MED07,MED08,MED09;E.M. ROCHA LEÃO |  | 2 = 2;
20155;H;9;0;0;MED01,MED02,MED03,MED04,MED05,MED06,MED07,MED08,MED09;;
15.002.0120-A;UN;9;1;1;MED01,MED02,MED03,MED04,MED05,MED06,MED07,MED08,MED09;E.M JOSÉ DE OLIVEIRA (O.S 470) | O.S 470 | 12 = 12;
20069;H;9;0;0;MED01,MED02,MED03,MED04,MED05,MED06,MED07,MED08,MED09;;
05.001.0024-A;M3;9;0;0;MED01,MED02,MED03,MED04,MED05,MED06,MED07,MED08,MED09;;
05.001.0021-A;M2;9;1;1;MED01,MED02,MED03,MED04,MED05,MED06,MED07,MED08,MED09;Escola M. Padre José Dórea | 449 | 14 x 0.8 = 11.2;
18.002.0055-A;UN;9;0;0;MED01,MED02,MED03,MED04,MED05,MED06,MED07,MED08,MED09;;
18.002.0065-A;UN;9;2;3;MED01,MED02,MED03,MED04,MED05,MED06,MED07,MED08,MED09;E.M ROCHA LEÃO |  | 1 = 1;Escola M. João Bento Duarte Neto | 1449 | 2 = 2
15.004.0103-A;UN;9;1;1;MED01,MED02,MED03,MED04,MED05,MED06,MED07,MED08,MED09;CEMADA | 1597 | 1 = 1;
20132;H;9;0;0;MED01,MED02,MED03,MED04,MED05,MED06,MED07,MED08,MED09;;
15.001.0055-A;UN;9;1;1;MED01,MED02,MED03,MED04,MED05,MED06,MED07,MED08,MED09;ROCHA LEÃO | O.S N° 03 |  = 1;
15.001.0056-A;UN;9;0;1;MED01,MED02,MED03,MED04,MED05,MED06,MED07,MED08,MED09;Escola M. Rocha Leão |  | 1 = 1;
18.005.0012-A;UN;9;0;0;MED01,MED02,MED03,MED04,MED05,MED06,MED07,MED08,MED09;;
18.005.0013-A;UN;9;0;0;MED01,MED02,MED03,MED04,MED05,MED06,MED07,MED08,MED09;;
15.002.0062-A;UN;9;0;1;MED01,MED02,MED03,MED04,MED05,MED06,MED07,MED08,MED09;CAMPO GILBERTO CABRAL |  | 1 = 1;
15.003.0068-A;UN;9;0;1;MED01,MED02,MED03,MED04,MED05,MED06,MED07,MED08,MED09;Escola M. Rocha Leão |  | 1 = 1;
18.003.0015-A;UN;9;3;3;MED01,MED02,MED03,MED04,MED05,MED06,MED07,MED08,MED09;E.M. JOÃO BENTO | EMERGENCIAL | 2 = 2;Escola M. Senhorinha de Oliveira Gomes (O.S 756) | O.S 756 | 2 = 2
18.005.0010-A;UN;9;0;0;MED01,MED02,MED03,MED04,MED05,MED06,MED07,MED08,MED09;;
15.004.0070-A;UN;9;2;2;MED01,MED02,MED03,MED04,MED05,MED06,MED07,MED08,MED09;Escola M. Marinete Coelho Souza | 1406 | 2 = 2;Escola M. Pedro Moreira dos Santos | 614 | 1 = 1
18.021.0042-A;UN;9;1;1;MED01,MED02,MED03,MED04,MED05,MED06,MED07,MED08,MED09;IMERO | 133 | 1 = 1;
18.027.0045-A;UN;9;0;0;MED01,MED02,MED03,MED04,MED05,MED06,MED07,MED08,MED09;;
19.004.0046-C;H;9;0;0;MED01,MED02,MED03,MED04,MED05,MED06,MED07,MED08,MED09;;
18.021.0030-A;UN;9;0;0;MED01,MED02,MED03,MED04,MED05,MED06,MED07,MED08,MED09;;
18.200.0004-A;PAR;9;0;1;MED01,MED02,MED03,MED04,MED05,MED06,MED07,MED08,MED09;E.M. PADRE JOSÉ DILSON DÓREA |  | 1 = 1;
18.021.0035-A;UN;9;0;0;MED01,MED02,MED03,MED04,MED05,MED06,MED07,MED08,MED09;;
20146;H;9;0;0;MED01,MED02,MED03,MED04,MED05,MED06,MED07,MED08,MED09;;
20143;H;9;0;0;MED01,MED02,MED03,MED04,MED05,MED06,MED07,MED08,MED09;;
18.200.0001-A;PAR;9;0;2;MED01,MED02,MED03,MED04,MED05,MED06,MED07,MED08,MED09;E.M TIA LOLA |  | 3 = 3;E.M. PADRE JOSÉ DILSON DÓREA |  | 1 = 1
19.004.0040-C;H;9;0;0;MED01,MED02,MED03,MED04,MED05,MED06,MED07,MED08,MED09;;
20008;H;9;0;0;MED01,MED02,MED03,MED04,MED05,MED06,MED07,MED08,MED09;;
18.200.0002-A;PAR;9;0;0;MED01,MED02,MED03,MED04,MED05,MED06,MED07,MED08,MED09;;
20039;H;9;0;0;MED01,MED02,MED03,MED04,MED05,MED06,MED07,MED08,MED09;;
18.200.0015-A;PAR;9;0;0;MED01,MED02,MED03,MED04,MED05,MED06,MED07,MED08,MED09;;
20131;H;9;0;0;MED01,MED02,MED03,MED04,MED05,MED06,MED07,MED08,MED09;;
15.004.0053-A;UN;9;1;1;MED01,MED02,MED03,MED04,MED05,MED06,MED07,MED08,MED09;Escola M. Pedro Moreira dos Santos | 2126 | 1 = 1;
15.004.0050-A;UN;9;1;1;MED01,MED02,MED03,MED04,MED05,MED06,MED07,MED08,MED09;Escola M. Prefeito Paulo Pinheiro | EMERGENCIAL | 1 = 1;
18.200.0020-A;UN;9;0;0;MED01,MED02,MED03,MED04,MED05,MED06,MED07,MED08,MED09;;
18.013.0111-A;UN;9;0;0;MED01,MED02,MED03,MED04,MED05,MED06,MED07,MED08,MED09;;
18.016.0106-A;UN;9;0;0;MED01,MED02,MED03,MED04,MED05,MED06,MED07,MED08,MED09;;
20060;H;9;0;0;MED01,MED02,MED03,MED04,MED05,MED06,MED07,MED08,MED09;;
18.200.0005-A;PAR;9;0;0;MED01,MED02,MED03,MED04,MED05,MED06,MED07,MED08,MED09;;
20115;H;9;0;0;MED01,MED02,MED03,MED04,MED05,MED06,MED07,MED08,MED09;;
18.016.0045-A;M;9;0;0;MED01,MED02,MED03,MED04,MED05,MED06,MED07,MED08,MED09;;
18.016.0050-A;M;9;0;0;MED01,MED02,MED03,MED04,MED05,MED06,MED07,MED08,MED09;;
06.001.0243-A;M;9;0;0;MED01,MED02,MED03,MED04,MED05,MED06,MED07,MED08,MED09;;
11.025.0006-A;M3;9;0;0;MED01,MED02,MED03,MED04,MED05,MED06,MED07,MED08,MED09;;
11.023.0002-A;KG;9;0;0;MED01,MED02,MED03,MED04,MED05,MED06,MED07,MED08,MED09;;
13.390.0020-A;M2;9;1;1;MED01,MED02,MED03,MED04,MED05,MED06,MED07,MED08,MED09;E.M AMÉRICA ABDALLA (O.S 522) | O.S 522 | 0.3 x 0.3 x 100 = 9;
15.029.0020-A;UN;9;0;0;MED01,MED02,MED03,MED04,MED05,MED06,MED07,MED08,MED09;;
15.029.0021-A;UN;9;0;0;MED01,MED02,MED03,MED04,MED05,MED06,MED07,MED08,MED09;;
15.008.0110-A;M;9;1;1;MED01,MED02,MED03,MED04,MED05,MED06,MED07,MED08,MED09;SEMEDE | FECHADURA ELETRÔNICA | 100 = 100;
15.030.0040-A;UN;9;0;0;MED01,MED02,MED03,MED04,MED05,MED06,MED07,MED08,MED09;;
14.002.0010-A;M2;9;0;0;MED01,MED02,MED03,MED04,MED05,MED06,MED07,MED08,MED09;;
08.027.0037-A;M;9;1;1;MED01,MED02,MED03,MED04,MED05,MED06,MED07,MED08,MED09;CAMPO GILBERTO CABRAL | MURETA NO ENTORNO DO CAMPO | 179.7 x 1 = 179.7;
15.007.0611-A;UN;9;2;2;MED01,MED02,MED03,MED04,MED05,MED06,MED07,MED08,MED09;Escola M. América Abdalla | 1051 | 1 = 1;E.M ROCHA LEÃO |  | 1 = 1
15.036.0010-A;M;9;1;1;MED01,MED02,MED03,MED04,MED05,MED06,MED07,MED08,MED09;E.M RIO DAS OSTRAS | 1808 | 397 = 397;
15.036.0011-A;M;9;0;0;MED01,MED02,MED03,MED04,MED05,MED06,MED07,MED08,MED09;;
09.015.0050-A;M2;9;0;0;MED01,MED02,MED03,MED04,MED05,MED06,MED07,MED08,MED09;;
15.019.0095-A;UN;9;0;1;MED01,MED02,MED03,MED04,MED05,MED06,MED07,MED08,MED09;FESTÃO PARA FESTAS JUNINAS |  | 500 = 500;
11.050.0001-B;M3XMES;9;1;1;MED01,MED02,MED03,MED04,MED05,MED06,MED07,MED08,MED09;GILBERTO CABRAL | LAJE WC PNE | 4.17 x 3.8 x 2.95 x 1 = 46.7457;
13.365.0150-A;M;9;1;1;MED01,MED02,MED03,MED04,MED05,MED06,MED07,MED08,MED09;Escola M. Henrique Sarzedas | 1738 | 4.2 = 4.2;
12.002.0015-A;M2;9;1;1;MED01,MED02,MED03,MED04,MED05,MED06,MED07,MED08,MED09;ROCHA LEÃO PÁTIO | ASSENTAMENTO DE PEDRAS | 6 x 4 x 1 = 20;
11.055.0001-B;M3;9;1;1;MED01,MED02,MED03,MED04,MED05,MED06,MED07,MED08,MED09;GILBERTO CABRAL | LAJE WC PNE | 4.17 x 3.8 x 2.95 x 1 = 46.7457;
15.019.0010-A;UN;9;0;0;MED01,MED02,MED03,MED04,MED05,MED06,MED07,MED08,MED09;;
11.025.0012-A;M3;9;0;0;MED01,MED02,MED03,MED04,MED05,MED06,MED07,MED08,MED09;;
15.008.0112-A;M;9;0;0;MED01,MED02,MED03,MED04,MED05,MED06,MED07,MED08,MED09;;
15.029.0012-A;UN;9;0;0;MED01,MED02,MED03,MED04,MED05,MED06,MED07,MED08,MED09;;
15.029.0019-A;UN;9;0;0;MED01,MED02,MED03,MED04,MED05,MED06,MED07,MED08,MED09;;
15.028.0005-A;UN;9;0;0;MED01,MED02,MED03,MED04,MED05,MED06,MED07,MED08,MED09;;
15.008.0115-A;M;9;0;0;MED01,MED02,MED03,MED04,MED05,MED06,MED07,MED08,MED09;;
15.029.0010-A;UN;9;1;1;MED01,MED02,MED03,MED04,MED05,MED06,MED07,MED08,MED09;Creche M. Márcia Lustosa Machado | F95 | 1 = 1;
14.006.0233-A;UN;9;0;0;MED01,MED02,MED03,MED04,MED05,MED06,MED07,MED08,MED09;;
16.034.0003-A;M2;9;0;0;MED01,MED02,MED03,MED04,MED05,MED06,MED07,MED08,MED09;;
15.007.0420-A;UN;9;0;0;MED01,MED02,MED03,MED04,MED05,MED06,MED07,MED08,MED09;;
15.007.0522-A;UN;9;0;0;MED01,MED02,MED03,MED04,MED05,MED06,MED07,MED08,MED09;;
15.007.0521-A;UN;9;0;0;MED01,MED02,MED03,MED04,MED05,MED06,MED07,MED08,MED09;;
16.005.0075-A;M2;9;1;2;MED01,MED02,MED03,MED04,MED05,MED06,MED07,MED08,MED09;E.M. ABDALLA |  | 30 x 3.5 = 105;E.M JOÃO BATISTA (O.S 33/25) | O.S 33/25 | 8 x 4 = 32
06.272.0030-A;UN;9;1;1;MED01,MED02,MED03,MED04,MED05,MED06,MED07,MED08,MED09;PRAÇA DO SKATE | LIMPEZA DE REDE DE DRENAGEM | 22 = 22;
06.272.0022-A;UN;9;1;1;MED01,MED02,MED03,MED04,MED05,MED06,MED07,MED08,MED09;CEMADA | M40 | 3 = 3;
13.331.0052-A;M;9;0;0;MED01,MED02,MED03,MED04,MED05,MED06,MED07,MED08,MED09;;
06.272.0003-A;M;9;0;0;MED01,MED02,MED03,MED04,MED05,MED06,MED07,MED08,MED09;;
15.007.0410-A;UN;9;3;4;MED01,MED02,MED03,MED04,MED05,MED06,MED07,MED08,MED09;Escola M. Pedro Moreira dos Santos (O.S 28) | O.S 28 | 1 = 1;Escola M. Neli Aparecida Tâmara Luiz |  | 250 = 1
06.272.0027-A;UN;9;0;0;MED01,MED02,MED03,MED04,MED05,MED06,MED07,MED08,MED09;;
06.272.0026-A;UN;9;0;1;MED01,MED02,MED03,MED04,MED05,MED06,MED07,MED08,MED09;E.M ROCHA LEÃO |  | 6 = 6;
15.007.0609-A;UN;9;0;0;MED01,MED02,MED03,MED04,MED05,MED06,MED07,MED08,MED09;;
16.001.0060-A;M2;9;0;0;MED01,MED02,MED03,MED04,MED05,MED06,MED07,MED08,MED09;;
14.003.0016-A;M2;9;1;2;MED01,MED02,MED03,MED04,MED05,MED06,MED07,MED08,MED09;E.M JOSÉ LUIZ LEMOS | SEM OS | 1 x 1 x 8 x 0.5 = 4;NUGEPE |  | 1 x 1.2 x 3 = 3.6
15.036.0047-A;M;9;1;1;MED01,MED02,MED03,MED04,MED05,MED06,MED07,MED08,MED09;E.M. PROFª AMÉRICA ABDALLA | 1759 | 15 = 15;
15.007.0610-A;UN;9;0;0;MED01,MED02,MED03,MED04,MED05,MED06,MED07,MED08,MED09;;
15.036.0053-A;M;9;2;2;MED01,MED02,MED03,MED04,MED05,MED06,MED07,MED08,MED09;Creche M. Valdira Flausino Rodrigues (O.S 525) | O.S 525 | 12 = 12;Escola M. Enedina Fidélis Moreira | 711 | 10 = 10
16.001.0086-A;M2;9;0;0;MED01,MED02,MED03,MED04,MED05,MED06,MED07,MED08,MED09;;
16.004.0015-A;M2;9;2;2;MED01,MED02,MED03,MED04,MED05,MED06,MED07,MED08,MED09;E.M. Nilton Baltazar | O.S 192 | 2.44 x 1.1 = 2.68;CIEP MESTRE MARÇAL (O.S 254) | O.S 254 | 60 x 15 x 0.2 = 180
15.007.0523-A;UN;9;0;0;MED01,MED02,MED03,MED04,MED05,MED06,MED07,MED08,MED09;;
16.005.0008-A;M;9;0;0;MED01,MED02,MED03,MED04,MED05,MED06,MED07,MED08,MED09;;
16.002.0005-A;M2;9;0;0;MED01,MED02,MED03,MED04,MED05,MED06,MED07,MED08,MED09;;
06.272.0039-A;UN;9;2;2;MED01,MED02,MED03,MED04,MED05,MED06,MED07,MED08,MED09;Escola M. Nilton Balthazar | 1660 | 1 = 1;E.M. MONICA DE ANDRADE RIBEIRO | EMERGENCIAL | 1 = 1
15.007.0524-A;UN;9;1;1;MED01,MED02,MED03,MED04,MED05,MED06,MED07,MED08,MED09;E.M. PROFª AMÉRICA ABDALLA | 1783 | 2 = 2;
05.001.0147-A;M2;2;0;1;MED07;E.M. SEBASTIÃO LOUBACH |  | 66 x 1.8 = 118.8;E.M. SEBASTIÃO LOUBACH |  | 44 x 3.6 = 158.4
