item;codigo_emop;descricao;unid;qtd_contratada;acum_soma_periodos;acum_oficial_med09;diferenca;saldo_oficial;pct_oficial;preco_bdi;saldo_oficial_rs
A.2;20069;MAO-DE-OBRA DE ENGENHEIRO OU ARQUITETO COORDENADOR DE OBRAS,INCLUSIVE ENCARGOS SOCIAIS;H;1056;792;792;0;264;0.75;286.91;75744.24
A.4;20155;MAO DE OBRA DE ENCARREGADO DE OBRA, INCLUSIVE ENCARGOS SOCIAIS;H;2112;1872;1584;288;528;0.75;45.31;23923.68
A.5;20143;MAO-DE-OBRA DE TECNICO DE EDIFICACOES, INCLUSIVE ENCARGOS SOCIAIS;H;2112;1632;1584;48;528;0.75;45.31;23923.68
A.7;20146;MAO-DE-OBRA DE TECNICO DE SEGURANCA DO TRABALHO, INCLUSIVE ENCARGOS SOCIAIS;H;2112;1632;1584;48;528;0.75;45.31;23923.68
A.9;20008;MAO-DE-OBRA DE ALMOXARIFE, INCLUSIVE ENCARGOS SOCIAIS;H;2112;1808;1584;224;528;0.75;32.2;17001.6
A.12;19.004.0001-C;CAMINHAO COM CARROCERIA FIXA, NO TOCO, CAPACICADE DE 3, 5T, INCLUSIVE MOTORISTA;H;2112;2928;1760;1168;352;0.8333;139.26;49019.52
A.15;19.004.0040-C;VEICULO DE PASSEIO,5 PASSAGEIROS,4 PORTAS,MOTOR BICOMBUSTIVEL (GASOLINA E ALCOOL)DE 1,6 LITROS,COM AR CONDICIONADO,DIRECAO HIDRAULICA E VIDROS DIANTEIROS ELETRICOS,INCLUSIVE MOTORISTA;H;2112;5504;2112;3392;0;1;77.88;0
A.16;19.004.0046-C;CAMIONETE TIPO PICK-UP,COM CABINE SIMPLES E CACAMBA,TIPO LEVE,MOTOR BICOMBUSTIVEL (GASOLINA E ALCOOL) DE 1,6 LITROS,INCLUSIVE MOTORISTA;H;6336;4920;4752;168;1584;0.75;93.93;148785.12
1.1;20039;MAO-DE-OBRA DE BOMBEIRO HIDRAULICO DA CONSTRUCAO CIVIL, INCLUSIVE ENCARGOS SOCIAIS;H;6336;5616;4752;864;1584;0.75;27.22;43116.48
1.2;20060;MAO-DE-OBRA DE ELETRICISTA DA CONSTRUCAO CIVIL, INCLUSIVE ENCARGOS SOCIAIS;H;12672;11232;9504;1728;3168;0.75;27.22;86232.96
1.3;20115;MAO-DE-OBRA DE PEDREIRO, INCLUSIVE ENCARGOS SOCIAIS;H;12672;11232;9504;1728;3168;0.75;27.22;86232.96
1.4;20131;MAO-DE-OBRA DE SERRALHEIRO DA CONSTRUCAO CIVIL, INCLUSIVE ENCARGOS SOCIAIS;H;2112;1872;1584;288;528;0.75;29.31;15475.68
1.5;20132;MAO-DE-OBRA DE SERVENTE DA CONSTRUCAO CIVIL, INCLUSIVE ENCARGOS SOCIAIS;H;38016;33696;28512;5184;9504;0.75;19.67;186943.68
3.1;03.001.0001-B;ESCAVACAO MANUAL DE VALA/CAVA EM MATERIAL DE 1ª CATEGORIA (A(AREIA, ARGILA OU PICARRA), ATE 1, 50M DE PROFUNDIDADE, EXCLUSIVE ESCORAMENTO E ESGOTAMENTO;M3;20;1002.3145;376.5714;625.7431;-356.5714;18.8286;68.93;-24578.47
3.2;03.010.0024-A;MATERIAL DE 1ª CATEGORIA PARA ATERROS, COMPREENDENDO:ESCAVACAO, CARGA, TRANSPORTE A 5KM EM CAMINHAO BASCULANTE E DESCARGA, CONSIDERANDO O VOLUME NECESSARIO A EXECUCAO DE 1, 00M3 DE MATERIAL COMPACTADO;M3;20;63.9575;19.256;44.7015;0.744;0.9628;25.02;18.61
3.3;03.009.0080-A;COMPACTACAO DE MATERIAL DE 1ªCATEGORIA, INCLUSIVE DESCARGA DECAMINHAO BASCULANTE, MOVIMENTACAO A 1 TIRO DE PA, ESPALHAMENTO E SOCAMENTO MANUAL EM CAMADAS DE 30CM DE MATERIAL APILOADO;M3;20;63.3295;18.746;44.5835;1.254;0.9373;53.06;66.54
3.4;03.011.0015-B;REATERRO DE VALA/CAVA COM MATERIAL DE BOA QUALIDADE, UTILIZANDO VIBRO COMPACTADOR PORTATIL, EXCLUSIVE MATERIAL;M3;20;65.1925;17.276;47.9165;2.724;0.8638;26.79;72.98
4.2;04.005.0120-A;TRANSPORTE DE CARGA DE QUALQUER NATUREZA,EXCLUSIVE AS DESPESAS DE CARGA E DESCARGA,TANTO DE ESPERA DO CAMINHAO COMO DO SERVENTE OU EQUIPAMENTO AUXILIAR,A VELOCIDADE MEDIA DE 50KM/H,EM CAMINHAO BASCULANTE A OLEO DIESEL,COM CAPACIDADE UTIL DE8T;T X KM;200000;141532.09;147744.09;-6212;52255.91;0.7387;0.86;44940.08
4.3;04.006.0013-B;CARGA E DESCARGA MANUAL DE PECAS DE PESO REDUZIDO:TIJOLOS, TELHAS, CIMENTO E AGREGADOS EM SACOS, EM CAMINHAO DE CARROCERIAFIXA A OLEO DIESEL, COM CAPACIDADE UTIL DE 7, 5T, INCLUSIVE O TEMPO DE CARGA, DESCARGA E MANOBRA;T;120;199.7382;118.44;81.2982;1.56;0.987;59.47;92.77
4.4;04.006.0008-B;CARGA MANUAL E DESCARGA MECANICA DE MATERIAL A GRANEL(AGREGADOS, PEDRA-DE-MAO, PARALELOS, TERRA E ESCOMBROS), COMPREENDENDOOS TEMPOS PARA CARGA, DESCARGA E MANOBRAS DO CAMINHAO BASCULANTE A OLEO DIESEL, COM CAPACIDADE UTIL DE 8T, EMPREGANDO 2 SERVENTES NA CARGA;T;120;536.835;116.06;420.775;3.94;0.9672;37.58;148.07
4.6;04.020.0122-A;TRANSPORTE DE ANDAIME TUBULAR,CONSIDERANDO-SE A AREA DE PROJECAO VERTICAL DO ANDAIME,EXCLUSIVE CARGA,DESCARGA E TEMPO DEESPERA DO CAMINHAO(VIDE ITEM 04.021.0010);M2XKM;9600;4045;4033.5;11.5;5566.5;0.4202;0.16;890.64
4.7;04.021.0010-A;CARGA E DESCARGA MANUAL DE ANDAIME TUBULAR, INCLUSIVE TEMPO DE ESPERA DO CAMINHAO, CONSIDERANDO-SE A AREA DE PROJECAO VERTICAL;M2;120;208;114;94;6;0.95;0.88;5.28
5.1;05.001.0001-A;DEMOLICAO MANUAL DE CONCRETO SIMPLES COM EMPILHAMENTO LATERAL DENTRO DO CANTEIRO DE SERVICO;M3;100;6.515;44.34;-37.825;55.66;0.4434;276.94;15414.48
5.2;05.001.0002-B;DEMOLICAO MANUAL DE CONCRETO ARMADO COMPREENDENDO PILARES, VIGAS E LAJES, EM ESTRUTURA APRESENTANDO POSICAO ESPECIAL, INCLUSIVE EMPILHAMENTO LATERAL DENTRO DO CANTEIRO DE SERVICO;M3;100;23.455;43.42;-19.965;56.58;0.4342;383.44;21695.04
5.3;05.001.0008-A;DEMOLICAO DE REVESTIMENTO EM ARGAMASSA DE CIMENTO E AREIA EMPAREDE;M2;1070;245.201;683.07;-437.869;386.93;0.6384;30.41;11766.54
5.4;05.001.0009-A;DEMOLICAO DE REVESTIMENTO EM AZULEJOS, CERAMICAS OU MARMORE EM PAREDE, EXCLUSIVE A CAMADA DE ASSENTAMENTO;M2;420;255.68;419.86;-164.18;0.14;0.9997;24.32;3.4
5.5;05.001.0011-A;DEMOLICAO DE REVESTIMENTO DE PASTILHA, A PONTEIRO, COM RESPECTIVA CAMADA DE ARGAMASSA DE ASSENTAMENTO, INCLUSIVE EMPILHAMENTO LATERAL DENTRO DO CANTEIRO DE SERVICO;M2;420;13.28;42.78;-29.5;377.22;0.1019;13.5;5092.47
5.6;05.001.0014-A;DEMOLICAO DE ARGAMASSA DE ASSENTAMENTO DE AZULEJO, CERAMICA OU MARMORE EM PAREDE, INCLUSIVE EMPILHAMENTO LATERAL DENTRO DOCANTEIRO DE SERVICO;M2;1070;668.55;1187.05;-518.5;-117.05;1.1094;10.13;-1185.72
5.7;05.001.0015-A;DEMOLICAO DE PISO DE LADRILHO COM RESPECTIVA CAMADA DE ARGAMASSA DE ASSENTAMENTO, INCLUSIVE EMPILHAMENTO LATERAL DENTRO DO CANTEIRO DE SERVICO;M2;1000;459.0317;959.02;-499.9883;40.98;0.959;19.79;810.99
5.8;05.001.0021-A;DEMOLICAO A PONTEIRO, DE BASE SUPORTE, CONTRAPISO, CAMADA REGULARIZADORA OU DE ASSENTAMENTO DE TACOS, CERAMICAS E AZULEJOS, COM ESPESSURA ATE 4CM;M2;575;11.2;406.2;-395;168.8;0.7064;30.41;5133.21
5.9;05.001.0023-A;DEMOLICAO MANUAL DE ALVENARIA DE TIJOLOS FURADOS, INCLUSIVE EMPILHAMENTO LATERAL DENTRO DO CANTEIRO DE SERVICO;M3;50;31.7097;41.118;-9.4083;8.882;0.8224;103.84;922.31
5.10;05.001.0024-A;DEMOLICAO MANUAL DE ALVENARIA DE TIJOLOS MACICOS, INCLUSIVE EMPILHAMENTO LATERAL DENTRO DO CANTEIRO DE SERVICO;M3;50;0;30;-30;20;0.6;126.92;2538.4
5.12;05.001.0040-A;REMOCAO DE COBERTURA EM TELHAS DE ALUMINIO, EXCLUSIVE SUPORTE, ESTRUTURA OU MADEIRAMENTO, MEDIDA PELA AREA REAL DE COBERTURA;M2;500;245;245;0;255;0.49;9.65;2460.75
5.13;05.001.0041-A;REMOCAO DE COBERTURA EM TELHAS DE FIBROCIMENTO CONVENCIONAL, ONDULADA, INCLUSIVE MADEIRAMENTO, MEDIDO O CONJUNTO PELA AREAREAL DE COBERTURA;M2;500;182.68;488.68;-306;11.32;0.9774;17.63;199.57
5.14;05.001.0043-A;REMOCAO DE COBERTURA EM TELHAS COLONIAIS, MEDIDA PELA AREA REAL DE COBERTURA, EXCLUSIVE MADEIRAMENTO;M2;500;664.57;499.84;164.73;0.16;0.9997;21.25;3.4
5.16;05.001.0055-A;REMOCAO DE FORRO DE ESTUQUE, GESSO, PLACAS PRENSADAS E SEMELHANTES;M2;500;357.53;572.93;-215.4;-72.93;1.1459;14.18;-1034.15
5.17;05.001.0063-A;REMOCAO CUIDADOSA DE CAMADA DE PROTECAO DE IMPERMEABILIZACAO;M2;500;2472.8752;1059.26;1413.6152;-559.26;2.1185;25.33;-14166.06
5.18;05.001.0071-A;REMOCAO CUIDADOSA DE PEITORIS, SOLEIRAS OU CHAPINS;M;100;2;43.88;-41.88;56.12;0.4388;70.09;3933.45
5.19;05.001.0074-A;REMOCAO DE FORRO OU LAMBRI DE FRISOS DE MADEIRA OU PVC, PLACAS DE AGLOMERADO PRENSADO OU SEMELHANTES, EXCLUSIVE O ENGRADAMENTO;M2;100;321.6;243.6;78;-143.6;2.436;6.07;-871.65
5.20;05.001.0134-A;ARRANCAMENTO DE PORTAS, JANELAS E CAIXILHOS DE AR CONDICIONADO OU OUTROS;UN;150;164;143;21;7;0.9533;26.67;186.69
5.23;05.001.0144-A;ARRANCAMENTO DE APARELHOS DE ILUMINACAO, INCLUSIVE LAMPADAS;UN;370;1060;366;694;4;0.9892;7;28
5.24;05.001.0145-A;ARRANCAMENTO DE APARELHOS SANITARIOS;UN;154;325;153;172;1;0.9935;24.15;24.15
5.25;05.001.0146-A;ARRANCAMENTO DE BANCADA DE PIA/LAVATORIO OU BANCA SECA DE ATE 1, 00M DE ALTURA E ATE 0, 80M DE LARGURA;M;59;8;20;-12;39;0.339;48.31;1884.09
5.29;05.005.0012-B;PLATAFORMA OU PASSARELA DE MADEIRA DE 1ª,CONSIDERANDO-SE APROVEITAMENTO DA MADEIRA 20 VEZES,EXCLUSIVE ANDAIME OU OUTROSUPORTE E MOVIMENTACAO(VIDE ITEM 05.008.0008);M2;106;243.4;99.5;143.9;6.5;0.9387;3.84;24.96
5.30;05.006.0001-B;LOCACAO DE ANDAIME COM ELEMENTOS TUBULARES SOBRE SAPATAS FIXAS,CONSIDERANDO-SE A AREA DA PROJECAO VERTICAL DO ANDAIME EPAGO PELO TEMPO NECESSARIO A SUA UTILIZACAO,EXCLUSIVE TRANSPORTE DOS ELEMENTOS DO ANDAIME ATE A OBRA,PLATAFORMA OU PASSARELA DE PINHO,MONTAGEM E DESMONTAGEM DOS ANDAIMES;M2XMES;1080;2579.93;1286.06;1293.87;-206.06;1.1908;25.17;-5186.53
5.31;05.008.0001-A;MONTAGEM E DESMONTAGEM DE ANDAIME COM ELEMENTOS TUBULARES, CONSIDERANDO-SE A AREA VERTICAL RECOBERTA;M2;1056;4220.62;1272.56;2948.06;-216.56;1.2051;8.1;-1754.14
6.1;06.001.0242-A;ASSENTAMENTO DE TUBULACAO DE PVC, COM JUNTA ELASTICA, PARA COLETOR DE ESGOTOS, COM DIAMETRO NOMINAL DE 100MM, ATERRO E SOCAATE A ALTURA DA GERATRIZ SUPERIOR DO TUBO, CONSIDERANDO O MATERIAL DA PROPRIA ESCAVACAO, EXCLUSIVE TUBO E JUNTA;M;395;128;128;0;267;0.3241;9.45;2523.15
6.2;06.001.0243-A;ASSENTAMENTO DE TUBULACAO DE PVC, COM JUNTA ELASTICA, PARA COLETOR DE ESGOTOS, COM DIAMETRO NOMINAL DE 150MM, ATERRO E SOCAATE A ALTURA DA GERATRIZ SUPERIOR DO TUBO, CONSIDERANDO O MATERIAL DA PROPRIA ESCAVACAO, EXCLUSIVE TUBO E JUNTA;M;200;0;34;-34;166;0.17;12.93;2146.38
6.10;06.272.0002-A;TUBO PVC,CONFORME ABNT NBR-7362,PARA ESGOTO SANITARIO,COM DIAMETRO NOMINAL DE 100MM,INCLUSIVE ANEL DE BORRACHA.FORNECIMENTO;M;100;164;82.11;81.89;17.89;0.8211;19.97;357.26
6.11;06.272.0003-A;TUBO PVC,CONFORME ABNT NBR-7362,PARA ESGOTO SANITARIO,COM DIAMETRO NOMINAL DE 150MM,INCLUSIVE ANEL DE BORRACHA.FORNECIMENTO;M;100;0;70;-70;30;0.7;42.28;1268.4
6.14;06.272.0021-A;CURVA DE PVC PARA REDE DE ESGOTO,CONFORME ABNT NBR 10569,DE45º,PB,COM DIAMETRO NOMINAL DE 100MM,INCLUSIVE ANEL DE BORRACHA.FORNECIMENTO;UN;50;45;49;-4;1;0.98;13.65;13.65
6.15;06.272.0022-A;CURVA DE PVC PARA REDE DE ESGOTO,CONFORME ABNT NBR 10569,DE45º,PB,COM DIAMETRO NOMINAL DE 150MM,INCLUSIVE ANEL DE BORRACHA.FORNECIMENTO;UN;50;3;48;-45;2;0.96;72.64;145.28
6.16;06.272.0026-A;CURVA DE PVC PARA REDE DE ESGOTO,CONFORME ABNT NBR 10569,DE90º,PB,COM DIAMETRO NOMINAL DE 100MM,INCLUSIVE ANEL DE BORRACHA.FORNECIMENTO;UN;50;6;12;-6;38;0.24;16.94;643.72
6.17;06.272.0027-A;CURVA DE PVC PARA REDE DE ESGOTO,CONFORME ABNT NBR 10569,DE90º,PB,COM DIAMETRO NOMINAL DE 150MM,INCLUSIVE ANEL DE BORRACHA.FORNECIMENTO;UN;50;0;15;-15;35;0.3;85.94;3007.9
6.18;06.272.0029-A;JUNCAO DE PVC PARA REDE DE ESGOTO,CONFORME ABNT NBR 10569,DE45º,BBB,COM DIAMETRO NOMINAL DE 100MM, INCLUSIVE ANEIS DE BORRACHA.FORNECIMENTO;UN;50;28;28;0;22;0.56;28.46;626.12
6.19;06.272.0030-A;JUNCAO DE PVC PARA REDE DE ESGOTO,CONFORME ABNT NBR 10569,DE45º,BBB,COM DIAMETRO NOMINAL DE 150MM,INCLUSIVE ANEIS DE BORRACHA.FORNECIMENTO;UN;50;22;40;-18;10;0.8;99.52;995.2
6.20;06.272.0032-A;PLUG DE PVC PARA REDE DE ESGOTO,CONFORME ABNT NBR 10569,COMDIAMETRO NOMINAL DE 100MM. FORNECIMENTO;UN;50;11;11;0;39;0.22;3.83;149.37
6.21;06.272.0035-A;SELIM ELASTICO DE PVC PARA LIGACAO PREDIAL DE REDE DE ESGOTO,CONFORME ABNT NBR 10569,DE 150MMX100MM,INCLUSIVE ANEL DE BORRACHA.FORNECIMENTO;UN;50;45;45;0;5;0.9;29.26;146.3
6.22;06.272.0038-A;TAMPAO COMPLETO PARA TIL DE PVC PARA REDE DE ESGOTO,CONFORMEABNT NBR 10569,COM DIAMETRO NOMINAL DE 100MM.FORNECIMENTO;UN;50;8;38;-30;12;0.76;19.47;233.64
6.23;06.272.0039-A;TAMPAO COMPLETO PARA TIL DE PVC PARA REDE DE ESGOTO,CONFORMEABNT NBR 10569,COM DIAMETRO NOMINAL DE 150MM.FORNECIMENTO;UN;50;2;6;-4;44;0.12;53.72;2363.68
8.5;08.020.0022-A;PAVIMENTACAO INTERTRAVADA DE LAJOTAS DE CONCRETO, PRE-FABRICADAS, COLORIDO, COM ESPESSURA DE 8CM, RESISTENCIA A COMPRESSAO DE 35MPA, CONFORME ABNT NBR 15953, EXCLUSIVE O PREPARO DO SUBLEITO E BASE;M2;500;94.04;202.04;-108;297.96;0.4041;103.08;30713.72
8.6;08.027.0037-A;MEIO-FIO RETO DE CONCRETO SIMPLES FCK=15MPA, PRE-MOLDADO, TIPODER-RJ, MEDINDO 0, 15M NA BASE E COM ALTURA DE 0, 45M, REJUNTAMENTO COM ARGAMASSA DE CIMENTO E AREIA, NO TRACO 1:3, 5, COM FORNECIMENTO DE TODOS OS MATERIAIS, ESCAVACAO E REATERRO;M;100;179.7;227.7;-48;-127.7;2.277;116.32;-14854.06
9.3;09.015.0040-A;ALAMBRADO C/3, 00M ALTURA, EM TELA DE ARAME GALV.Nº12, MALHA LOSANGULAR DE (50X50)MM, FIXADA TUBOS DE FERRO GALV.(EXTERNA EINTERNAMENTE) C/DIAMETRO INTERNO DE 2" E ESP.DE PAREDE DE 1/8", MODULOS DE (3, 00X1, 50)M, CHUMBADOS EM BLOCOS DE CONCRETO, INCL.ESCAVACAO, REATERRO, CARGA, DESCARGA, TRANSPORTE E PINTURA DE TUBOS, COM 2 DEMAOS DE ACABAMENTO.FORNECIMENTO E COLOCACAO;M2;250;214.26;294.95;-80.69;-44.95;1.1798;219;-9844.05
9.4;09.015.0050-A;ALAMBRADO C/6M ALTURA, TELA DE ARAME GALVANIZADO N°12, MALHA LOSANGULAR (50X50)MM, FIXADA EM TUBOS DE FERRO GALVANIZADO (EXTERNA E INTERNAMENTE) C/DIAM.INTERNO DE 2" E ESPESSURA DE PAREDE DE 1/8", EM MODULOS DE (3, 00X1, 50)M, CHUMBADOS EM BLOCOSDE CONCRETO, INCL.ESCAVACAO, REATERRO, CARGA, DESCARGA, TRANSPORTE E PINTURA DOS TUBOS, C/2 DEMAOS DE ACABAMENTO.FORN.E COLOC.;M2;250;0;125;-125;125;0.5;219.15;27393.75
9.5;09.015.0200-A;TELA DE ARAME GALVANIZADO, REVESTIDO COM PVC, FIO N°12, MALHA LOSANGULAR DE (75X75)MM, FIXADA COM ARAME GALVANIZADO A ARMACAO TUBULAR DE ACO GALVANIZADO (EXCLUSIVE ESTA).FORNECIMENTO ECOLOCACAO;M2;500;447.46;597.46;-150;-97.46;1.1949;56.09;-5466.53
11.1;11.003.0002-A;CONCRETO DOSADO RACIONALMENTE PARA UMA RESISTENCIA CARACTERISTICA A COMPRESSAO DE 15MPA,INCLUSIVE MATERIAIS,TRANSPORTE,PREPARO COM BETONEIRA,LANCAMENTO E ADENSAMENTO;M3;50;45.2136;29.13;16.0836;20.87;0.5826;616.32;12862.6
11.2;11.004.0022-B;FORMAS DE MADEIRA DE 3ª PARA MOLDAGEM DE PECAS DE CONCRETO ARMADO COM PARAMENTOS PLANOS, EM LAJES, VIGAS, PAREDES, ETC, SERVINDO A MADEIRA 1, 4 VEZES, INCLUSIVE DESMOLDAGEM, EXCLUSIVE ESCORAMENTO;M2;200;288.14;275.34;12.8;-75.34;1.3767;90.39;-6809.98
11.3;11.013.0075-A;CONCRETO ARMADO, FCK=25MPA, INCLUINDO MATERIAIS PARA 1, 00M3 DECONCRETO(IMPORTADO DE USINA)ADENSADO E COLOCADO, 14, 00M2 DEAREA MOLDADA, FORMAS E ESCORAMENTO CONFORME ITENS 11.004.0022E 11.004.0035, 60KG DE ACO CA-50, INCLUSIVE MAO-DE-OBRA PARACORTE, DOBRAGEM, MONTAGEM E COLOCACAO NAS FORMAS;M3;50;138.81;128.11;10.7;-78.11;2.5622;2805.05;-219102.46
11.6;11.023.0002-A;TELA PARA ESTRUTURA DE CONCRETO ARMADO,FORMADA POR FIOS DEACO CA-60,CRUZADAS E SOLDADAS ENTRE SI,FORMANDO MALHAS QUADRADAS DE FIOS COM DIAMETRO DE 4,2MM E ESPACAMENTO ENTRE ELESDE (15X15)CM.FORNECIMENTO;KG;500;0;50;-50;450;0.1;7.54;3393
11.7;11.025.0006-A;CONCRETO BOMBEADO, FCK=20MPA, COMPREENDENDO O FORNECIMENTO DECONCRETO IMPORTADO DE USINA, COLOCACAO NAS FORMAS, ESPALHAMENTO, ADENSAMENTO MECANICO E ACABAMENTO;M3;25;0;5;-5;20;0.2;598.33;11966.6
11.8;11.025.0012-A;CONCRETO BOMBEADO, FCK=30MPA, COMPREENDENDO O FORNECIMENTO DECONCRETO IMPORTADO DE USINA, COLOCACAO NAS FORMAS, ESPALHAMENTO, ADENSAMENTO MECANICO E ACABAMENTO;M3;25;0;3;-3;22;0.12;640.5;14091
11.9;11.030.0080-A;LAJE PRE-MOLDADA BETA 16, PARA SOBRECARGA DE 3, 5KN/M2 E VAO DE 5, 20M, CONSIDERANDO VIGOTAS, EPS E ARMADURA NEGATIVA, INCLUSIVE CAPEAMENTO DE 4CM DE ESPESSURA, COM CONCRETO FCK=20MPA E ESCORAMENTO, CONFORME ABNT NBR 14859.FORNECIMENTO E MONTAGEM DO CONJUNTO;M2;100;26.17;74.67;-48.5;25.33;0.7467;172.76;4376.01
11.10;11.050.0001-B;ESCORAMENTO TUBULAR(ALUGUEL)COM TUBOS METALICOS,NA DENSIDADEDE 5,00M DE TUBO EQUIPADO POR M3 DE ESCORAMENTO,PAGO PELO VOLUME DESTE E PELO TEMPO NECESSARIO,DESDE A ENTREGA DO MATERIAL NA OBRA,NA OCASIAO APROPRIADA ATE SUA CARGA,PARA DEVOLUCAO,LOGO QUE DESNECESSARIA;M3XMES;500;46.7457;46.74;0.0057;453.26;0.0935;19.15;8679.93
11.11;11.055.0001-B;MONTAGEM E DESMONTAGEM DE ESCORAMENTO TUBULAR NORMAL, NA DENSIDADE DE 5, 00M DE TUBO POR M3 DE ESCORAMENTO, COMPREENDENDO TRANSPORTE DO MATERIAL PARA OBRA E DESTA PARA O DEPOSITO, INCLUSIVE CARGA E DESCARGA.O CUSTO E DADO POR M3 DE ESCORAMENTO, CONTADO DAS SAPATAS ATE AS EXTREMIDADES SUPERIORES DOS TUBOS, SENDO PAGOS 60% NA MONTAGEM E 40% NA DESMONTAGEM;M3;100;46.7457;46.75;-0.0043;53.25;0.4675;24.77;1319
12.1;12.002.0015-A;ALVENARIA DE TIJOLOS MACICOS 7X10X20CM, COM ARGAMASSA DE CIMENTO E SAIBRO, NO TRACO 1:6, EM PAREDES DE UMA VEZ (0, 20M), DE SUPERFICIE CORRIDA, ATE 3, 00M DE ALTURA E MEDIDA PELA AREA REAL;M2;100;20;23;-3;77;0.23;265.65;20455.05
12.2;12.003.0075-B;ALVENARIA DE TIJOLOS CERAMICOS FURADOS 10X20X20CM, ASSENTES COM ARGAMASSA DE CIMENTO E SAIBRO, NO TRACO 1:8, EM PAREDES DEMEIA VEZ(0, 10M), DE SUPERFICIE CORRIDA, ATE 3, 00M DE ALTURA EMEDIDA PELA AREA REAL;M2;1000;313.34;382.34;-69;617.66;0.3823;64.43;39795.83
12.3;12.005.0030-A;ALVENARIA DE BLOCOS DE CONCRETO 15X20X40CM, ASSENTES COM ARGAMASSA DE CIMENTO E AREIA, NO TRACO 1:8, EM PAREDES DE 0, 15M DEESPESSURA, DE SUPERFICIE CORRIDA, ATE 3, 00M DE ALTURA E MEDIDA PELA AREA REAL;M2;300;100.01;104.27;-4.26;195.73;0.3476;80.49;15754.31
12.4;12.016.0004-A;PAREDE DRYWALL C/ESP.73MM,ESTRUT.C/MONTANTES SIMPLES AUTOPORTANTES 48MM,FIXADOS A GUIAS HORIZONTAIS 48MM,AMBOS ACO GALV.C/ESP.0,5MM,C/DUAS CHAPAS GESSO ACARTONADO STANDARD,ESP.12,5MM,LARG.1200MM,FIXADA AOS MONTANTES POR MEIO DE PARAFUSOS,C/TRATAMENTO JUNTAS C/MASSA E FITA P/UNIF.DA SUPERF.DAS CHAPASDE GESSO ACARTONADO,APLIC.EM AREAS SECAS.FORN.E COLOCACAO;M2;500;197.72;197.71;0.01;302.29;0.3954;65.94;19933
12.5;12.016.0010-A;PAREDE DRYWALL,C/ESP.95MM,ESTRUT.C/MONTANTES SIMPLES AUTOPORTANTES 70MM,FIX.A GUIAS HORIZONTAIS 70MM,AMBOS ACO GALV.ESP.0,5MM,C/DUAS CHAPAS GESSO ACARTONADO STANDARD,C/ADICAO DE LAMINERAL,ESP.12,5MM,LARG.1200MM,FIX.MONTANT.POR MEIO DE PARAFUSOS,C/TRATAMENTO JUNTAS C/MASSA E FITA P/UNIF.SUPERF.DAS CHAPAS DE GESSO ACARTONADO,APLIC.AREAS SECAS.FORN.E COLOCACAO;M2;500;404.861;437.261;-32.4;62.739;0.8745;84.55;5304.58
12.6;12.016.0024-A;PAREDE DRYWALL ESP.78MM,ESTRUT.MONTANTES AUTOPORTANTES 48MM,ESPACADAS ENTRE SI A CADA 400MM,GUIAS HORIZONTAIS 48MM,AMBOSACO GALV.ESP.0,5MM,C/DUAS CHAPAS GESSO ACARTONADO,RU(RESISTENTE A UMIDADE),ESP.15MM,LARG.1200MM,C/TRATAMENTO DE JUNTASC/MASSA E FITA P/UNIF.DA SUPERF.DAS CHAPAS DE GESSO ACARTONADO.APLICACAO EM AREA SECA E UMIDA.FORNECIMENTO E COLOCACAO;M2;100;124.25;91.85;32.4;8.15;0.9185;94.56;770.66
13.1;13.001.0010-B;CHAPISCO EM SUPERFICIE DE CONCRETO OU ALVENARIA, COM ARGAMASSA DE CIMENTO E AREIA, NO TRACO 1:3, COM 5MM DE ESPESSURA;M2;400;1389.38;971.1;418.28;-571.1;2.4278;7.24;-4134.76
13.2;13.001.0026-A;EMBOCO COM ARGAMASSA DE CIMENTO E AREIA, NO TRACO 1:3 COM 2CMDE ESPESSURA, INCLUSIVE CHAPISCO DE CIMENTO E AREIA, NO TRACO1:3;M2;400;1410.8;992.52;418.28;-592.52;2.4813;38.17;-22616.49
13.3;13.003.0005-A;REVESTIMENTO EXTERNO(PRONTO)EM MASSA UNICA COM ARGAMASSA DECIMENTO E AREIA TERMOTRATADA, COM ESPESSURA DE 3CM, INCLUSIVECHAPISCO DE CIMENTO E AREIA TRACO 1:3;M2;400;329.7649;386.47;-56.7051;13.53;0.9662;49.46;669.19
13.4;13.022.0040-A;REVESTIMENTO COM PASTILHA DE PORCELANA, COM MEDIDAS EM TORNODE (5X10)CM, PLACAS DE (30X30)CM, CORES ECONOMICAS(BRANCO, BEGE, CINZA, AZUL, VERDE, MARROM E PRETO), ASSENTES COM ARGAMASSA COLANTE, REJUNTAMENTO COM ARGAMASSA INDUSTRIALIZADA, INCLUSIVE CHAPISCO E EMBOCO NO TRACO 1:6;M2;500;52.28;531.88;-479.6;-31.88;1.0638;206.28;-6576.21
13.5;13.030.0290-A;REVESTIMENTO DE PAREDES COM CERAMICA, COM MEDIDAS EM TORNO DE(32X57)CM, ASSENTE CONFORME ITEM 13.025.0016;M2;250;554.9;269.58;285.32;-19.58;1.0783;126.36;-2474.13
13.6;13.175.0010-A;FORRO DE PVC EM REGUAS DE 200MM DE LARGURA, ESPESSURA IGUALOU SUPERIOR A 8MM, ENCAIXADOS ENTRE SI, INCLUSIVE RODAFORRODE PVC PARA ACABAMENTO, ESTRUTURA EM METALON (20X20)MM E PARAFUSOS DE FIXACAO. FORNECIMENTO E COLOCACAO;M2;1000;1366.21;1161.81;204.4;-161.81;1.1618;62.75;-10153.58
13.7;13.180.0015-B;FORRO FALSO DE GESSO, COM PLACAS PRE-MOLDADAS, DE 60X60CM,DEENCAIXE, PRESAS COM 4 TIRANTES DE ARAME E REJUNTADAS. FORNECIMENTO E COLOCACAO;M2;500;174.96;272.76;-97.8;227.24;0.5455;50.19;11405.18
13.8;13.196.0050-A;FORRO REMOVIVEL COMP.CHAPA GESSO ACARTONADO PERFURADA OU RANHURADA,TIPO ST(STANDARD) A SER APLIC.SISTEMA DRYWALL,C/PLACABORDA QUADRADA 625X625MM,ESP.12,5MM,C/ABSORCAOACUSTICA,ESTRUT.PERFIS TIPO TRAVESSA "T"ACO GALV.ALUM.OU DE LIGAS ALUM.ESP.MINIMA 0,5MM C/PINT.ELETROSTATICA OU CONVENCIONAL,SUSP.PORMEIO PENDURAIS,FIX.ESTRUT.SUPERIOR.FORN.E COLOC.;M2;500;170.2756;235.28;-65.0044;264.72;0.4706;172.29;45608.61
13.9;13.196.0151-A;REVESTIMENTO DE DRYWALL C/ESP.103MM(ESTRUTURA+CHAPA DE GESSO)ESTRUTURADA C/MONTANTES SIMPLES AUTOPORTANTES 90MM,FIXADOSA GUIAS HORIZONTAIS 90MM,AMBOS ACO GALV.C/ESP.0,5MM,C/UMA CHAPA DE GESSO ACARTONADO,TIPO ST(STANDARD),C/ADICAO DE LA MINERAL,ESP.12,5MM,LARG.1200MM,BORDA REBAIXADA,FIXADA AOS MONTANTES POR MEIO DE PARAFUSOS.APLICACAO AREAS SECAS.FORN.COLOC.;M2;1000;148.45;298.45;-150;701.55;0.2984;63.64;44646.64
13.10;13.301.0125-B;CONTRAPISO, BASE OU CAMADA REGULARIZADORA, EXECUTADA COM ARGAMASSA DE CIMENTO E AREIA, NO TRACO 1:4, NA ESPESSURA DE 3CM;M2;500;86.08;86.08;0;413.92;0.1722;40.22;16647.86
13.11;13.330.0053-A;REVESTIMENTO DE PISO COM LADRILHOS CERAMICOS ESMALTADOS, COMMEDIDAS EM TORNO DE (45X45)CM, COM RESISTENCIA A ABRASAO P.E.I.-V, CONFORME ABNT NBR 16928, ASSENTES EM SUPERFICIE EM OSSO, COM ARGAMASSA COLANTE E REJUNTAMENTO PRONTO;M2;1000;239.7994;600.95;-361.1506;399.05;0.601;106.55;42518.78
13.12;13.330.0076-A;REVESTIMENTO DE PISO COM LADRILHO CERAMICO, ANTIDERRAPANTE, MEDIDAS EM TORNO DE (45X45)CM, RESISTENCIA A ABRASAO P.E.I.-IV, ASSENTES EM SUPERFICIE EM OSSO, COM ARGAMASSA COLANTE E REJUNTAMENTO PRONTO;M2;1000;214.9225;373.91;-158.9875;626.09;0.3739;95.34;59691.42
13.13;13.330.0101-A;RODAPE COM LADRILHO CERAMICO, COM 7, 5 A 10CM DE ALTURA, ASSENTES CONFORME ITEM 13.025.0058;M;500;272.16;372.16;-100;127.84;0.7443;39.76;5082.92
13.15;13.331.0052-A;RODAPE DE CERAMICA EM PORCELANATO, COM 7, 5 A 10CM DE ALTURA, ASSENTE CONFORME ITEM 13.025.0058.FEITO A PARTIR DE PLACA DEPORCELANATO COM AREA SUPERIOR A 1, 00M2;M;100;0;0;0;100;0;46.01;4601
13.16;13.365.0150-A;PEITORIL EM GRANITO CINZA CORUMBA, 2CM DE ESPESSURA, LARGURA DE 15 A 18CM, ASSENTADO COM NATA DE CIMENTO SOBRE ARGAMASSA DECIMENTO, SAIBRO E AREIA, NO TRACO 1:3:3 E REJUNTAMENTO COM CIMENTO BRANCO;M;50;4.2;17;-12.8;33;0.34;90.63;2990.79
13.17;13.365.0170-A;SOLEIRA EM GRANITO CINZA CORUMBA, 2CM DE ESPESSURA, COM 2 POLIMENTOS, LARGURA DE 13CM, ASSENTE EM SUPERFICIE EM OSSO, COM NATA DE CIMENTO SOBRE ARGAMASSA DE CIMENTO, SAIBRO E AREIA, NO TRACO 1:2:2 E REJUNTAMENTO COM CIMENTO BRANCO E CORANTE;M;50;35;35;0;15;0.7;74.24;1113.6
13.18;13.390.0020-A;PISO VINILICO EM PLACAS, COM MEDIDAS EM TORNO DE (30X30)CM, HOMOGENEO, PADRAO LISO, COM 2MM DE ESPESSURA, PARA ALTO TRAFEGO, ASSENTE SOBRE BASE EXISTENTE, CONFORME ABNT NBR 7374.FORNECIMENTO E COLOCACAO;M2;200;9;57;-48;143;0.285;120.47;17227.21
14.1;14.002.0010-A;PORTA DE FERRO DE TAMANHO NORMAL, ATE 1, 00M DE LARGURA, CONTORNO EM BARRAS DE 1.1/4"X5/16", GUARNICAO EM CANTONEIRA DE1.1/2"X1/8", INFERIORMENTE, ALMOFADA DE CHAPA Nº16, NOS DOIS LADOS COM 60CM DE ALTURA, NA PARTE SUPERIOR, POSTIGO MOVEL PARAVIDRO, GRADE DE BARRAS DE 5/8", UTILIZANDO DOBRADICAS TIPO GONZO, EXCLUSIVE FECHADURA.FORNECIMENTO E COLOCACAO;M2;100;0;35.18;-35.18;64.82;0.3518;1517.71;98377.96
14.2;14.002.0013-A;PORTA DE FERRO EM BARRAS HORIZONTAIS DE 1.1/4"X1/4" A CADA 10CM, CONTORNO DO MESMO MATERIAL, REVESTIDA COM CHAPA DE FERROGALVANIZADO Nº16, GUARNICAO EM CANTONEIRA DE 1.1/2"X1/8", COMFECHO PARA CADEADO DE 30MM, EXCLUSIVE ESTE. FORNECIMENTO E COLOCACAO;M2;100;24.74;66.17;-41.43;33.83;0.6617;1654.65;55976.81
14.3;14.002.0071-A;PORTAO DE CHAPA DE FERRO GALVANIZADO, COM ESPESSURA DE 0, 5MM, COM ALTURA ENTRE 2M E 3M E AREA TOTAL DE 6M2 A 9M2, EXCLUSIVEFECHADURA.FORNECIMENTO E COLOCACAO;M2;50;74.903;47.02;27.883;2.98;0.9404;1405.65;4188.84
14.4;14.002.0132-A;GRADE DE FERRO COM MONTANTES DE BARRAS CHATAS DE 2"X3/8" ACADA 2, 00M E BARRAS CHATAS DE 1.1/2"X3/8" A CADA 10CM, INTERCALADAS POR PEQUENAS BARRAS CHATAS DE 1.1/2"X3/8" A CADA 5CM, EXCLUSIVE BALDRAME DE CONCRETO.FORNECIMENTO E COLOCACAO;M2;150;259.4986;251.9456;7.553;-101.9456;1.6796;659.6;-67243.32
14.5;14.002.0187-A;GRADIL DE FERRO, ALTURA DE 1, 20M, EM BARRAS VERTICAIS QUADRADAS DE 5/8" E ESPACADAS DE 12, 50CM, SOLDADAS EM DUAS BARRAS, SUPERIOR E INFERIOR DE 1.1/2"X1/4", MONTANTES A CADA 1, 50M EM BARRAS DE 1.1/2"X3/8", INCLUSIVE PINTURA.FORNECIMENTO E COLOCACAO;M;50;29.596;50.7;-21.104;-0.7;1.014;561.29;-392.9
14.6;14.002.0220-A;CORRIMAO SIMPLES EM TUBO DE ACO GALVANIZADO COM DIAMETRO DE1.1/4", FIXADO NA PAREDE POR CHUMBADORES.FORNECIMENTO E COLOCACAO;M;100;360.64;99.98;260.66;0.02;0.9998;143.12;2.86
14.7;14.003.0016-A;JANELA DE ALUMINIO ANODIZADO AO NATURAL DE CORRER, DUAS FOLHAS DE CORRER E BANDEIRA DE 0, 50M DE ALTURA COM PAINEIS BASCULANTES, EM PERFIS SERIE 28.FORNECIMENTO E COLOCACAO;M2;50;7.6;16.38;-8.78;33.62;0.3276;498.81;16769.99
14.8;14.003.0076-A;JANELA BASCULANTE DE ALUMINIO ANODIZADO AO NATURAL, COM 2 ORDENS SENDO A INFERIOR FIXA, EM PERFIS SERIE 28.FORNECIMENTO ECOLOCACAO;M2;50;0.776;0.78;-0.004;49.22;0.0156;486.2;23930.76
14.9;14.003.0225-A;PORTA DE ALUMINIO ANODIZADO AO NATURAL, PERFIL SERIE 25, EM VENEZIANA, EXCLUSIVE FECHADURA.FORNECIMENTO E COLOCACAO;M2;50;68.1;43.25;24.85;6.75;0.865;1106.85;7471.24
14.10;14.003.0260-A;PROTECAO DE ARESTAS DE PAREDE EM CANTONEIRA DE ALUMINIO DE 3/4"X1/8", FIXADA COM PARAFUSOS DE FERRO CROMADO E BUCHAS DEPLASTICO.FORNECIMENTO E COLOCACAO;M;100;112;112;0;-12;1.12;34.74;-416.88
14.11;14.004.0120-A;VIDRO TEMPERADO INCOLOR,10MM DE ESPESSURA,PARA PORTAS OU PAINEIS FIXOS,EXCLUSIVE FERRAGENS.FORNECIMENTO E COLOCACAO;M2;90;17;34.65;-17.65;55.35;0.385;437.08;24192.38
14.12;14.004.0121-A;VIDRO TEMPERADO,INCOLOR,COM 6MM DE ESPESSURA,ENCAIXILHADO EMMADEIRA,ALUMINIO OU FERRO.FORNECIMENTO E COLOCACAO;M2;200;101.4384;204.4869;-103.0485;-4.4869;1.0224;257.89;-1157.13
14.13;14.006.0012-A;PORTA DE MADEIRA DE LEI EM COMPENSADO DE 70X210X3, 5CM, FOLHEADA NAS 2 FACES, ADUELA DE 13X3CM E ALIZARES DE 5X2CM, EXCLUSIVE FERRAGENS.FORNECIMENTO E COLOCACAO;UN;100;38;51;-13;49;0.51;614.41;30106.09
14.14;14.006.0021-A;PORTA DE MADEIRA DE LEI EM COMPENSADO, DE (80X210X3, 5)CM, FOLHEADA NAS 2 FACES, EXCLUSIVE FERRAGENS, ADUELA E ALIZARES.FORNECIOMENTO E COLOCACAO;UN;171;60;69;-9;102;0.4035;294.5;30039
14.15;14.006.0023-A;PORTA DE MADEIRA DE LEI EM COMPENSADO, DE (90X210X3, 5)CM, FOLHEADA NAS 2 FACES, EXCLUSIVE FERRAGENS, ADUELA E ALIZARES.FORNECIMENTO E COLOCACAO;UN;38;69;52;17;-14;1.3684;335.75;-4700.5
14.16;14.006.0233-A;PORTA DE MADEIRA DE LEI, COMPENSADO DE 80X210X3, 5CM, COM VISOREM POLICARBONATO TRANSLUCIDO DE 4MM, MEDINDO 1, 10X0, 20M, MOLA"FECHA PORTA", PUXADORES VERTICAIS METALICO 40CM, ADUELA 13X3CM E ALIZARES 5X2CM, FAIXAS PROTETORAS EM MATERIAL VINILICOCOM 50CM DE ALTURA NA PARTE INFERIOR, CONFORME DESENHO CDRFS/Nº, EXCLUSIVE PINTURA E FERRAGENS.FORNECIMENTO E COLOCACAO;UN;38;0;18;-18;20;0.4737;1034.23;20684.6
14.17;14.006.0407-A;ADUELA EM MADEIRA, DE (14X3)CM, COM 3, 5CM DE REBAIXO.FORNECIMENTO E COLOCACAO;M;100;131.12;112.82;18.3;-12.82;1.1282;58.93;-755.48
14.18;14.006.0409-A;ALIZAR EM MADEIRA, DE (5X2)CM.FORNECIMENTO E COLOCACAO;M;200;397.08;229;168.08;-29;1.145;11.33;-328.57
14.19;14.007.0036-A;FERRAGENS P/PORTA DE MADEIRA,DE 1 FOLHA DE ABRIR,ENTRADA DESERVICO,CONSTANDO DE FORN.S/COLOC.(ESTA INCLUIDA NO FORN.COLOC.DAS ESQUADRIAS),DE:-FECHADURA DE EMBUTIR EM METAL C/ACABAMENTO CROMADO,-MACANETA TIPO BOLA EM METAL C/ACABAMENTO CROMADO,-ESPELHO EM METAL C/ACABAMENTO CROMADO,-3 DOBRADICAS 3"X2.1/2" DE FERRO GALVANIZADO,C/PINO E BOLAS DE LATAO;UN;117;443;201;242;-84;1.7179;84.56;-7103.04
14.20;14.007.0041-A;FERRAGENS P/PORTAS DE MADEIRA,1 FOLHA DE ABRIR,INTERNAS,SOCIAIS OU SERVICO,CONSTANDO DE FORN.S/COLOC.(ESTA INCLUIDA NO FORN.COLOC.ESQUADRIAS),DE:-FECHADURA TIPO GORGE,TRINCO REVERSIVEL,EM METAL C/ACABAMENTO CROMADO,-ROSETA EM METAL C/ACABAMENTO CROMADO,-MACANETA TIPO ALAVANCA METAL C/ACABAMENTO CROMADO,-3 DOBRADICAS FERRO GALV.3"X2.1/2",C/PINO E BOLAS FERRO;UN;117;37;66;-29;51;0.5641;75.08;3829.08
14.21;14.007.0065-A;FERRAGENS PARA PORTA DE MADEIRA,DE 1 FOLHA DE ABRIR,INTERNA,PARA BANHEIRO DE SERVICO,CONSTANDO DE FORN.S/COLOC.(ESTA INCLUIDA NO FORN.E COLOC.DAS ESQUADRIAS),DE:-FECHADURA DE EMBUTIR,COM CHAPA-TESTA,EM METAL COM ACABAMENTO CROMADO,-TRANQUETA EM METAL COM ACABAMENTO CROMADO,-3 DOBRADICAS DE FERRO GALVANIZADO DE 3"X2.1/2",COM PINO E BOLAS DE FERRO;UN;117;48;87;-39;30;0.7436;95.72;2871.6
14.22;14.007.0070-A;FERRAGENS PARA PORTA DE MADEIRA,DE 1 FOLHA,DE ABRIR,PARA SANITARIOS OU CHUVEIROS COLETIVOS,CONSTANDO DE FORNECIMENTO SEMCOLOCACAO(ESTA INCLUIDA NO FORNECIMENTO E COLOCACAO DAS ESQUADRIAS),DE:-FECHO DE SOBREPOR,TIPO "LIVRE-OCUPADO",RETANGULAR,EM METAL COM ACABAMENTO CROMADO,-3 DOBRADICAS DE FERRO GALVANIZADO DE 3"X2.1/2",COM PINO E BOLAS DE FERRO;UN;117;64;60;4;57;0.5128;64.42;3671.94
14.23;14.007.0270-A;FECHADURA BICO DE PAPAGAIO,COM CILINDRO,DISTANCIA DE 40 A 55MM,EM METAL COM ACABAMENTO CROMADO,PARA PORTAS DE CORRER EMFERRO OU ALUMINIO.FORNECIMENTO;UN;50;18;21;-3;29;0.42;32.15;932.35
14.24;14.007.0277-A;FECHADURA DE CILINDRO PARA ARMARIOS,4 PINOS COM ROTACAO DE 360° E DUAS CHAVES.FORNECIMENTO;UN;50;48;49;-1;1;0.98;7.11;7.11
14.25;14.007.0284-A;DOBRADICA 2.1/2"X1.3/8",DE LATAO CROMADO,COM PINO E BOLAS DELATAO.FORNECIMENTO;UN;100;95;79;16;21;0.79;7.8;163.8
14.26;14.007.0290-A;DOBRADICA 3"X2.1/2",DE FERRO GALVANIZADO,COM PINO DE FERRO EBOLAS DE LATAO.FORNECIMENTO;UN;100;0;0;0;100;0;4.91;491
15.1;15.001.0028-A;CAIXA DE ALVENARIA EM TIJOLOS MACICOS(7X10X20CM), EM PAREDESDE MEIA VEZ, COM DIMENSOES DE 0, 60X0, 60X0, 40M, ASSENTADA COM ARGAMASSA DE CIMENTO E AREIA, NO TRACO 1:4, REVESTIDA INTERNAMENTE COM A MESMA ARGAMASSA, COM FUNDO DE CONCRETO E TAMPA DE CONCRETO ARMADO;UN;10;6;10;-4;0;1;500.41;0
15.2;15.001.0055-A;ABRIGO P/4 BOTIJOES GAS DE 13KG, EXCLUSIVE LIGACOES, NAS DIM.(2, 00X0, 50X1, 10)M, ALVENARIA TIJOLOS MACICOS (7X10X20CM), PAREDES DE MEIA VEZ, REVESTIDAS COM ARGAMASSA DE CIMENTO E SAIBRO, NO TRACO 1:6, PISO COM ESPESSURA DE 10CM E COBERTURA COM ESPESSURA DE 6CM, AMBAS EM CONCRETO ARMADO, FCK=15MPA, COM ACABAMENTO DE CIMENTADO, TRACO 1:4, CONFORME PROJETO TIPO Nº2001/EMOP;UN;3;1;2;-1;1;0.6667;2757.63;2757.63
15.3;15.001.0056-A;ABRIGO P/2 BOTIJOES GAS DE 13KG, EXCLUSIVE LIGACOES, NAS DIM.(1, 00X0, 50X1, 10)M, ALVENARIA TIJOLOS MACICOS (7X10X20CM), PAREDES DE MEIA VEZ, REVESTIDAS COM ARGAMASSA DE CIMENTO E SAIBRO, NO TRACO 1:6, PISO COM ESPESSURA DE 10CM E COBERTURA COM ESPESSURA DE 6CM, AMBAS EM CONCRETO ARMADO, FCK=15MPA, COM ACABAMENTO DE CIMENTADO, TRACO 1:4, CONFORME PROJETO TIPO Nº2001/EMOP;UN;3;1;2;-1;1;0.6667;1601.45;1601.45
15.4;15.003.0068-A;INSTALACAO E ASSENTAMENTO DE FOGAO A GAS ENCANADO, EXCLUSIVEFORNECIMENTO DO APARELHO, COMPREENDENDO:25, 00M DE TUBO DE FERRO GALVANIZADO DE 1", CONEXOES E REGISTRO;UN;5;1;4;-3;1;0.8;1396.93;1396.93
15.5;15.002.0062-A;CAIXA DE GORDURA SIMPLES CILINDRICA, PRE-FABRICADA EM ANEIS DE CONCRETO, COM DIAMETRO DE 40CM E PROFUNDIDADE TOTAL DE 60CM, INCLUSIVE TAMPA DE CONCRETO.FORNECIMENTO E COLOCACAO;UN;5;1;3;-2;2;0.6;269.27;538.54
15.6;15.002.0063-A;CAIXA DE GORDURA DUPLA, CILINDRICA, PRE-FABRICADA EM ANEIS DECONCRETO, COM DIAMETRO DE 60CM E PROFUNDIDADE TOTAL DE 90CM, INCLUSIVE TAMPA EM CONCRETO.FORNECIMENTO E COLOCACAO;UN;5;2;2;0;3;0.4;312.4;937.2
15.7;15.002.0120-A;CAIXA ENTERRADA PARA INSTALACOES TELEFONICAS, TIPO R1, MEDINDO0, 60X0, 35X0, 50M, EM BLOCOS DE CONCRETO ESTRUTURAL DE 0, 10X0, 20X0, 40M, ASSENTADOS COM ARGAMASSA DE CIMENTO E AREIA, NO TRACO 1:4 E REVESTIDA INTERNAMENTE COM A MESMA ARGAMASSA, COM TAMPA DE CONCRETO ARMADO COM 5CM DE ESPESSURA E FUNDO DE CONCRETO SIMPLES COM 5CM;UN;10;12;6;6;4;0.6;244.74;978.96
15.11;15.004.0046-A;INSTALACAO E ASSENTAMENTO DE CHUVEIRO ELETRICO (EXCLUSIVE FORNECIMENTO DO APARELHO E REGISTRO), COMPREENDENDO 5, 00M DE TUBO DE PVC DE 25MM, RALO SECO DE PVC DE 100MM COM GRELHA, 2, 00MDE TUBO DE PVC DE 40MM, 30, 00M DE FIO 4MM 2, 6, 00M DE ELETRODUTO DE PVC DIAMETRO DE 3/4" E CONEXOES;UN;100;23;28;-5;72;0.28;478.27;34435.44
15.12;15.004.0050-A;INSTALACAO E ASSENTAMENTO DE MICTORIO(EXCLUSIVE FORNECIMENTODO APARELHO), COMPREENDENDO:3, 00M DE TUBO DE PVC DE 25MM, 1, 50M DE TUBOS DE PVC DE 40MM E 50MM, CADA, CONEXOES E RALO SIFONADO DE PVC COM 100X100X50MM COM TAMPA CEGA;UN;10;1;1;0;9;0.1;206.78;1861.02
15.13;15.004.0053-A;INSTALACAO E ASSENTAMENTO DE MICTORIO TIPO CALHA(EXCLUSIVE FORNECIMENTO DO APARELHO), COMPREENDENDO:3, 00M DE TUBO DE PVCDE 25MM, REGISTRO DE GAVETA, 2, 00M DE TUBO DE PVC DE 40MM E 50MM, CADA, CONEXOES E CAIXA SINFONADA DE PVC COM 100X100X50MM, COM TAMPA CEGA;UN;10;1;7;-6;3;0.7;405.38;1216.14
15.14;15.004.0059-A;INSTALACAO E ASSENTAMENTO DE DUCHINHA MANUAL PARA BANHEIRO(EXCLUSIVE FORNECIMENTO DO APARELHO), COMPREENDENDO:3, 00M DE TUBO DE PVC DE 25MM E CONEXOES;UN;60;2;17;-15;43;0.2833;184.57;7936.51
15.15;15.004.0060-B;INSTALACAO E ASSENTAMENTO DE PIA COM 1 CUBA(EXCLUSIVE FORNECIMENTO DO APARELHO), COMPREENDENDO:3, 00M DE TUBO DE PVC DE 25MM, 3, 00M DE TUBO DE PVC DE 50MM, RABICHO E CONEXOES;UN;32;17;20;-3;12;0.625;295.17;3542.04
15.16;15.004.0061-A;INSTALACAO E ASSENTAMENTO DE PIA COM 2 CUBAS(EXCLUSIVE FORNECIMENTO DO APARELHO), COMPREENDENDO:3, 00M DE TUBO DE PVC DE 25MM, 3, 00M DE TUBO DE PVC DE 50MM, RABICHO E CONEXOES;UN;26;3;3;0;23;0.1154;382.66;8801.18
15.17;15.004.0063-A;INSTALACAO E ASSENTAMENTO DE LAVATORIO DE UMA TORNEIRA(EXCLUSIVE FORNECIMENTO DO APARELHO), COMPREENDENDO:3, 00M DE TUBO DE PVC DE 25MM, 2, 00M DE TUBO DE PVC DE 40MM E CONEXOES;UN;15;21;21;0;-6;1.4;215.78;-1294.68
15.18;15.004.0070-A;INSTALACAO E ASSENTAMENTO DE TANQUE DE SERVICO (EXCLUSIVE FORNECIMENTO DO APARELHO), COMPREENDENDO:3, 00M DE TUBO DE PVC DE 25MM, 3, 00M DE TUBO DE PVC DE 50MM E CONEXOES;UN;15;3;4;-1;11;0.2667;286.41;3150.51
15.19;15.004.0075-A;INSTALACAO E ASSENTAMENTO DE CAIXA DE DESCARGA ELEVADA (EXCLUSIVE FORNECIMENTO DA CAIXA), COMPREENDENDO:2, 00M DE TUBO DEPVC DE 25MM, CONEXOES E MONTAGEM;UN;100;183;169;14;-69;1.69;207.9;-14345.1
15.20;15.004.0085-A;INSTALACAO E ASSENTAMENTO DE VALVULA DE DESCARGA(EXCLUSIVE FORNECIMENTO DA VALVULA), COMPREENDENDO:3, 00M DE TUBO DE PVC DE 50MM, CONEXOES E MONTAGEM;UN;50;6;12;-6;38;0.24;238.74;9072.12
15.21;15.004.0090-A;INSTALACAO E COLOCACAO DE TORNEIRA PARA JARDIM OU DE LAVAGEM(EXCLUSIVE FORNECIMENTO DA TORNEIRA), COMPREENDENDO: 2, 00M DETUBO DE PVC DE 20MM E CONEXOES;UN;50;93;89;4;-39;1.78;187.77;-7323.03
15.22;15.004.0108-A;INSTALACAO E ASSENTAMENTO DE BACIA SANITARIA INDIVIDUAL E CAIXA DE DESCARGA (EXCLUSIVE ESTES) EM PAVIMENTO TERREO, COMPREENDENDO:INSTALACAO HIDRAULICA COM 2, 00M DE TUBO DE PVC DE 25MM, COM CONEXOES, ATE A CAIXA DE DESCARGA, LIGACAO DE ESGOTO COM 3, 00M DE TUBO DE PVC DE 100MM A CAIXA INSPECAO E TUBO DE VENTILACAO, INCLUSIVE CONEXOES, EXCLUSIVE TUBO VENTILACAO;UN;30;87;79;8;-49;2.6333;356.88;-17487.12
15.23;15.004.0103-A;INSTALACAO E ASSENTAMENTO DE BACIA SANITARIA INDIVIDUAL COMCAIXA ACOPLADA (EXCLUSIVE ESTES), PAVIMENTO ELEVADO, COMPREENDO:INSTALACAO HIDRAULICA C/2, 00M TUBO DE PVC 25MM, C/CONEXOES, ATE A CAIXA ACOPLADA, LIGACAO DE ESGOTOS COM 3, 00M DE TUBO DEPVC DE 100MM AOS TUBOS DE QUEDA E VENTILACAO, INCLUSIVE CONEXOES, EXCLUSIVE OS TUBOS DE QUEDA E VENTILACAO;UN;25;1;1;0;24;0.04;369.68;8872.32
15.24;15.004.0110-A;INSTALACAO E ASSENTAMENTO DE BACIA SANITARIA COM CAIXA ACOPLADA (EXCLUSIVE ESTES) EM PAVIMENTO TERREO, COMPREENDENDO:INSTALACAO HIDRAULICA COM 2, 00M DE TUBO DE PVC DE 25MM, COM CONEXOES, ATE A CAIXA, LIGACAO DE ESGOTO COM 3, 00M DE TUBO DE PVC DE 100MM A CAIXA DE INSPECAO E TUBO DE VENTILACAO, INCLUSIVE CONEXOES, EXCLUSIVE O TUBO DE VENTILACAO;UN;25;12;17;-5;8;0.68;347.41;2779.28
15.25;15.004.0170-A;RALO SECO(SIMPLES)DE PVC(100X53)X40MM, COM GRELHA, COMPREENDENDO:EFLUENTE DE 40MM SOLDAVEL EM PVC, COM 2, 00M DE EXTENSAO ELIGACAO AO RALO SIFONADO.FORNECIMENTO E INSTALACAO;UN;50;103;71;32;-21;1.42;62.16;-1305.36
15.30;15.004.0255-A;BEBEDOURO ELETRICO, TIPO PRESSAO COM FILTRO INTERNO(EXCLUSIVEFORNECIMENTO DE APARELHO), COMPREENDENDO:2 VARAS DE ELETRODUTO PVC DE 3/4", COM LUVAS, 10, 00M DE FIO 2, 5MM2, TOMADA DE EMBUTIR E CAIXA DE EMBUTIR, 4, 00M DE TUBO PVC DE 25MM, 3, 00M DE TUBO PVC DE 40MM, REGISTRO DE 3/4" E CONEXOES.INSTALACAO ATE ORALO EXISTENTE E ASSENTAMENTO;UN;10;33;20;13;-10;2;368.15;-3681.5
15.31;15.005.0215-A;ASSENTAMENTO DE AR-CONDICIONADO SPLIT DE 9000 A 30000 BTU/H, COM 1 CONDENSADOR E 1 EVAPORADOR, CONFORME ABNT NBR 16655, (VIDE FORNECIMENTO DO APARELHO NA FAMILIA 18.030) INCLUSIVE ACESSORIOS DE FIXACAO, EXCLUSIVE ALIMENTACAO ELETRICA E INTERLIGACAO CONDENSADOR/EVAPORADOR (VIDE ITEM 15.005.0240);UN;10;15;9;6;1;0.9;308.26;308.26
15.32;15.005.0253-A;DUTO PARA CONDICIONAMENTO DE AR, CHAVETADO EM CHAPA DE ACO GALVANIZADO, NAS DIVERSAS BITOLAS, CONFORME ABNT NBR 16401, ISOLADO COM MANTA DE LA DE VIDRO, REVESTIDA COM FOLHA DE ALUMINIO, INCLUINDO CINTAS, FITAS, SUPORTES PINTADOS, DIFUSORES E GRELHASEM ALUMINIO EXTRUDADO E DEMAIS ITENS NECESSARIOS.FORNECIMENTO E COLOCACAO;KG;10;0;9;-9;1;0.9;63.31;63.31
15.33;15.007.0410-A;QUADRO DE DISTRIBUICAO DE ENERGIA PARA DISJUNTORES TERMO-MAGNETICOS UNIPOLARES, DE SOBREPOR, COM PORTA E BARRAMENTOS DE FASE, NEUTRO E TERRA, PARA INSTALACAO DE ATE 12 DISJUNTORES SEMDISPOSITIVO PARA CHAVE GERAL.FORNECIMENTO E COLOCACAO;UN;10;4;5;-1;5;0.5;168.43;842.15
15.34;15.007.0415-A;QUADRO DE DISTRIBUICAO DE ENERGIA, 100A, PARA DISJUNTORES TERMO-MAGNETICOS UNIPOLARES, DE SOBREPOR, COM PORTA E BARRAMENTOSDE FASE, NEUTRO E TERRA, TRIFASICO, PARA INSTALACAO DE ATE 18 DISJUNTORES COM DISPOSITIVO PARA CHAVE GERAL.FORNECIMENTO E COLOCACAO;UN;10;4;11;-7;-1;1.1;449.92;-449.92
15.35;15.007.0420-A;QUADRO DE DISTRIBUICAO DE ENERGIA, 100A, PARA DISJUNTORES TERMO-MAGNETICOS UNIPOLARES, DE SOBREPOR, COM PORTA E BARRAMENTOSDE FASE, NEUTRO E TERRA, TRIFASICO, PARA INSTALACAO DE ATE 24 DISJUNTORES COM DISPOSITIVO PARA CHAVE GERAL.FORNECIMENTO E COLOCACAO;UN;10;0;6;-6;4;0.6;471.35;1885.4
15.36;15.007.0425-A;QUADRO DE DISTRIBUICAO DE ENERGIA, 100A, PARA DISJUNTORES TERMO-MAGNETICOS UNIPOLARES, DE SOBREPOR, COM PORTA E BARRAMENTOSDE FASE, NEUTRO E TERRA, TRIFASICO, PARA INSTALACAO DE ATE 32 DISJUNTORES COM DISPOSITIVO PARA CHAVE GERAL.FORNECIMENTO E COLOCACAO;UN;10;5;10;-5;0;1;650.74;0
15.41;15.007.0520-A;DISJUNTOR/INTERRUPTOR DIFERENCIAL RESIDUAL(DDR), CLASSE AC, 2POLOS, INSTANTANEO, CORRENTE NOMINAL(IN)25AX240V, SENSIBILIDADE30MA/300MA.FORNECIMENTO E COLOCACAO;UN;60;6;10;-4;50;0.1667;82.39;4119.5
15.42;15.007.0521-A;DISJUNTOR/INTERRUPTOR DIFERENCIAL RESIDUAL(DDR), CLASSE AC, 2POLOS, INSTANTANEO, CORRENTE NOMINAL(IN) 40AX240V, SENSIBILIDADE 30MA/300MA.FORNECIMENTO E COLOCACAO;UN;60;0;5;-5;55;0.0833;82.39;4531.45
15.43;15.007.0522-A;DISJUNTOR/INTERRUPTOR DIFERENCIAL RESIDUAL(DDR), CLASSE AC, 2POLOS, INSTANTANEO, CORRENTE NOMINAL(IN)63AX240V, SENSIBILIDADE30MA/300MA.FORNECIMENTO E COLOCACAO;UN;60;0;11;-11;49;0.1833;93.87;4599.63
15.44;15.007.0523-A;DISJUNTOR/INTERRUPTOR DIFERENCIAL RESIDUAL(DDR), CLASSE AC, 2POLOS, INSTANTANEO, CORRENTE NOMINAL(IN)80AX240V, SENSIBILIDADE30MA/300MA.FORNECIMENTO E COLOCACAO;UN;60;0;6;-6;54;0.1;107.45;5802.3
15.45;15.007.0524-A;DISJUNTOR/INTERRUPTOR DIFERENCIAL RESIDUAL(DDR), CLASSE AC, 4POLOS, INSTANTANEO, CORRENTE NOMINAL(IN)25AX415V, SENSIBILIDADE30MA/300MA.FORNECIMENTO E COLOCACAO;UN;60;2;8;-6;52;0.1333;108.78;5656.56
15.46;15.007.0570-A;DISJUNTOR TERMOMAGNETICO, MONOPOLAR, DE 10 A 32A, 3KA, MODELO DIN, TIPO C.FORNECIMENTO E COLOCACAO;UN;100;38;57;-19;43;0.57;12.72;546.96
15.47;15.007.0572-A;DISJUNTOR TERMOMAGNETICO, MONOPOLAR, DE 40 A 63A, 3KA, MODELO DIN, TIPO C.FORNECIMENTO E COLOCACAO;UN;100;24;40;-16;60;0.4;13.26;795.6
15.48;15.007.0575-A;DISJUNTOR TERMOMAGNETICO, BIPOLAR, DE 10 A 32A, 3KA, MODELO DIN, TIPO C.FORNECIMENTO E COLOCACAO;UN;100;118;113;5;-13;1.13;28.68;-372.84
15.49;15.007.0600-A;DISJUNTOR TERMOMAGNETICO, TRIPOLAR, DE 10 A 32A, 3KA, MODELO DIN, TIPO C.FORNECIMENTO E COLOCACAO;UN;100;9;11;-2;89;0.11;39.19;3487.91
15.50;15.007.0605-A;DISJUNTOR TERMOMAGNETICO, TRIPOLAR, DE 80 A 100A, 3KA, MODELO DIN, TIPO C.FORNECIMENTO E COLOCACAO;UN;50;9;12;-3;38;0.24;108.07;4106.66
15.51;15.007.0608-A;DISJUNTOR TERMOMAGNETICO, TRIPOLAR, DE 125 A 160A, 50KA, MODELOCAIXA MOLDADA, TIPO C.FORNECIMENTO E COLOCACAO;UN;10;7;5;2;5;0.5;273.49;1367.45
15.52;15.007.0609-A;DISJUNTOR TERMOMAGNETICO, TRIPOLAR, DE 180 A 225A, 50KA, MODELOCAIXA MOLDADA, TIPO C.FORNECIMENTO E COLOCACAO;UN;10;0;6;-6;4;0.6;289.55;1158.2
15.53;15.007.0610-A;DISJUNTOR TERMOMAGNETICO, TRIPOLAR, DE 250A, 50KA, MODELO CAIXAMOLDADA, TIPO C.FORNECIMENTO E COLOCACAO;UN;5;0;0;0;5;0;289.55;1447.75
15.54;15.007.0611-A;DISJUNTOR TERMOMAGNETICO, TRIPOLAR, DE 300 A 400A, 65KA, MODELOCAIXA MOLDADA, TIPO C.FORNECIMENTO E COLOCACAO;UN;5;3;6;-3;-1;1.2;726.7;-726.7
15.55;15.008.0085-A;CABO DE COBRE FLEXIVEL COM ISOLAMENTO TERMOPLASTICO, COMPREENDENDO:PREPARO, CORTE E ENFIACAO EM ELETRODUTOS, NA BITOLA DE 2, 5MM2, 450/750V.FORNECIMENTO E COLOCACAO;M;10000;5537;10462;-4925;-462;1.0462;3.93;-1815.66
15.56;15.008.0090-A;CABO DE COBRE FLEXIVEL COM ISOLAMENTO TERMOPLASTICO, COMPREENDENDO:PREPARO, CORTE E ENFIACAO EM ELETRODUTOS NA BITOLA DE 4MM2, 450/750V.FORNECIMENTO E COLOCACAO;M;4746;1615;5365;-3750;-619;1.1304;5.42;-3354.98
15.57;15.008.0095-A;CABO DE COBRE FLEXIVEL COM ISOLAMENTO TERMOPLASTICO, COMPREENDENDO:PREPARO, CORTE E ENFIACAO EM ELETRODUTOS, NA BITOLA DE 6MM2, 450/750V.FORNECIMENTO E COLOCACAO;M;5076;4270;4629;-359;447;0.9119;7.07;3160.29
15.58;15.008.0100-A;CABO DE COBRE FLEXIVEL COM ISOLAMENTO TERMOPLASTICO, COMPREENDENDO:PREPARO, CORTE E ENFIACAO EM ELETRODUTOS NA BITOLA DE 10MM2, 450/750V.FORNECIMENTO E COLOCACAO;M;4000;660;3430;-2770;570;0.8575;10.16;5791.2
15.59;15.008.0105-A;CABO DE COBRE FLEXIVEL COM ISOLAMENTO TERMOPLASTICO, COMPREENDENDO:PREPARO, CORTE E ENFIACAO EM ELETRODUTOS, NA BITOLA DE 16MM2, 450/750V.FORNECIMENTO E COLOCACAO;M;4000;660;3270;-2610;730;0.8175;14.33;10460.9
15.60;15.008.0110-A;CABO DE COBRE FLEXIVEL COM ISOLAMENTO TERMOPLASTICO, COMPREENDENDO:PREPARO, CORTE E ENFIACAO EM ELETRODUTOS, NA BITOLA DE 25MM2, 450/750V.FORNECIMENTO E COLOCACAO;M;2000;145;1377;-1232;623;0.6885;20.33;12665.59
15.61;15.008.0112-A;CABO DE COBRE FLEXIVEL COM ISOLAMENTO TERMOPLASTICO, COMPREENDENDO:PREPARO, CORTE E ENFIACAO EM ELETRODUTOS, NA BITOLA DE 35MM2, 450/750V.FORNECIMENTO E COLOCACAO;M;1000;0;614;-614;386;0.614;29.33;11321.38
15.62;15.008.0115-A;CABO DE COBRE FLEXIVEL COM ISOLAMENTO TERMOPLASTICO, COMPREENDENDO:PREPARO, CORTE E ENFIACAO EM ELETRODUTOS, NA BITOLA DE 50MM2, 450/750V.FORNECIMENTO E COLOCACAO;M;1000;140;581;-441;419;0.581;41.28;17296.32
15.65;15.015.0020-A;INSTALACAO DE PONTO DE LUZ, EMBUTIDO NA LAJE, EQUIVALENTE A 2VARAS DE ELETRODUTO DE PVC RIGIDO DE 3/4", 12, 00M DE FIO 2, 5MM2, CAIXAS, CONEXOES, LUVAS, CURVA E INTERRUPTOR DE EMBUTIR COMPLACA FOSFORESCENTE, INCLUSIVE ABERTURA E FECHAMENTO DE RASGOEM ALVENARIA;UN;40;131;62;69;-22;1.55;374.79;-8245.38
15.68;15.015.0199-A;INSTALACAO DE CONJUNTO DE 4 PONTOS DE TELEFONE E LOGICA, COMPREENDENDO: 5 VARAS DE ELETRODUTO DE 3/4", CONEXOES E CAIXAS, EXCLUSIVE CABOS OU FIOS;UN;30;30;30;0;0;1;382.25;0
15.69;15.015.0214-A;INSTALACAO APARENTE DE PONTO DE VENTILADOR DE TETO, EQUIVALENTE A 2 VARAS DE ELETRODUTO DE PVC RIGIDO DE 3/4", 12, 00M DE FIO 2, 5MM2, CONEXOES, LUVAS E CURVA, EXCLUSIVE INTERRUPTOR E ESPELHO;UN;50;238;112;126;-62;2.24;252.53;-15656.86
15.70;15.015.0250-A;INSTALACAO DE PONTO DE TOMADA, EMBUTIDO NA ALVENARIA, EQUIVALENTE A 2 VARAS DE ELETRODUTO DE PVC RIGIDO DE 3/4", 18, 00M DEFIO 2, 5MM2, CAIXAS, CONEXOES E TOMADA DE EMBUTIR, 2P+T, 10A, PADRAO BRASILEIRO, COM PLACA FOSFORESCENTE, INCLUSIVE ABERTURA E FECHAMENTO DE RASGO EM ALVENARIA;UN;30;374;72;302;-42;2.4;358.91;-15074.22
15.71;15.015.0251-A;INSTALACAO DE PONTO DE TOMADA, APARENTE, EQUIVALENTE A 2 VARASDE ELETRODUTO DE PVC RIGIDO DE 3/4", 18, 00M DE FIO 2, 5MM2, CAIXAS, CONEXOES E TOMADA DE SOBREPOR 2P+T, 10A, PADRAO BRASILEIRO;UN;30;64;30;34;0;1;278.66;0
15.72;15.015.0255-A;INSTALACAO DE PONTO DE TOMADA, EMBUTIDO NA ALVENARIA, EQUIVALENTE A 2 VARAS DE ELETRODUTO DE PVC RIGIDO DE 3/4", 18, 00M DEFIO 2, 5MM2, CAIXAS, CONEXOES E TOMADA DE EMBUTIR 2P+T, 20A, PADRAO BRASILEIRO, COM PLACA FOSFORESCENTE, INCLUSIVE ABERTURA E FECHAMENTO DE RASGO EM ALVENARIA;UN;30;301;124;177;-94;4.1333;361.51;-33981.94
15.73;15.019.0010-A;TOMADA DE PISO, SIMPLES, EM CORPO DE ALUMINIO FUNDIDO E TAMPAEM LATAO POLIDO, 10A/250V.FORNECIMENTO E COLOCACAO;UN;400;0;369;-369;31;0.9225;37.07;1149.17
15.74;15.019.0095-A;TOMADA TIPO RJ45, DE EMBUTIR, COMPLETA, PARA LOGICA.FORNECIMENTO E COLOCACAO;UN;600;502;458;44;142;0.7633;21.55;3060.1
15.78;15.020.0158-A;LAMPADA LED, BULBO, A60, 10, 5W, 100/240V, BASE E-27.FORNECIMENTOE COLOCACAO;UN;2490;640;900;-260;1590;0.3614;14.97;23802.3
15.79;15.020.0170-A;LAMPADA LED, TUBULAR, 600MM, T8, 9W, FLUXO LUMINOSO EM TORNO DE 900LM;UN;1868;241;590;-349;1278;0.3158;10;12780
15.80;15.020.0173-A;LAMPADA LED, TUBULAR, 1200MM, T8, 18W, FLUXO LUMINOSO EM TORNO DE1850LM;UN;1245;1959;1653;306;-408;1.3277;11.33;-4622.64
15.81;15.028.0005-A;COLOCACAO DE RESERVATORIO DE FIBROCIMENTO, FIBRA DE VIDRO OUSEMELHANTE DE 500L, INCLUSIVE PECAS DE APOIO EM ALVENARIA E MADEIRA SERRADA, E FLANGES DE LIGACAO HIDRAULICA, EXCLUSIVE FORNECIMENTO DO RESERVATORIO;UN;5;0;4;-4;1;0.8;678.31;678.31
15.82;15.028.0010-A;COLOCACAO DE RESERVATORIO DE FIBROCIMENTO, FIBRA DE VIDRO OUSEMELHANTE COM 1000L, INCLUSIVE PECAS DE APOIO EM ALVENARIA EMADEIRA SERRADA, E FLANGES DE LIGACAO HIDRAULICA, EXCLUSIVE FORNECIMENTO DO RESERVATORIO;UN;6;16;6;10;0;1;741.88;0
15.83;15.029.0010-A;REGISTRO DE GAVETA BRUTO, COM DIAMETRO DE 1/2".FORNECIMENTO ECOLOCACAO;UN;10;1;4;-3;6;0.4;54.84;329.04
15.84;15.029.0011-A;REGISTRO DE GAVETA BRUTO, COM DIAMETRO DE 3/4".FORNECIMENTO ECOLOCACAO;UN;10;6;9;-3;1;0.9;62.47;62.47
15.85;15.029.0012-A;REGISTRO DE GAVETA BRUTO, COM DIAMETRO DE 1".FORNECIMENTO E COLOCACAO;UN;10;0;2;-2;8;0.2;78.02;624.16
15.86;15.029.0019-A;REGISTRO DE ESFERA, EM METAL, COM DIAMETRO DE 1/2".FORNECIMENTO E COLOCACAO;UN;10;0;1;-1;9;0.1;39.76;357.84
15.87;15.029.0020-A;REGISTRO DE ESFERA, EM METAL, COM DIAMETRO DE 3/4".FORNECIMENTO E COLOCACAO;UN;10;0;2;-2;8;0.2;44.73;357.84
15.88;15.029.0021-A;REGISTRO DE ESFERA, EM METAL, COM DIAMETRO DE 1".FORNECIMENTOE COLOCACAO;UN;10;0;2;-2;8;0.2;48.91;391.28
15.89;15.029.0049-A;VALVULA DE PE, EM METAL, COM DIAMETRO DE 3/4".FORNECIMENTO E COLOCACAO;UN;10;4;7;-3;3;0.7;63.04;189.12
15.90;15.029.0080-A;VALVULA DE RETENCAO VERTICAL, EM METAL, COM DIAMETRO DE 3/4".FORNECIMENTO E COLOCACAO;UN;10;5;7;-2;3;0.7;72.07;216.21
15.91;15.030.0030-A;REGISTRO DE ESFERA, EM PVC, SOLDAVEL, COM DIAMETRO DE 20MM.FORNECIMENTO E COLOCACAO;UN;10;15;19;-4;-9;1.9;36.53;-328.77
15.92;15.030.0032-A;REGISTRO DE ESFERA, EM PVC, SOLDAVEL, COM DIAMETRO DE 25MM.FORNECIMENTO E COLOCACAO;UN;10;39;32;7;-22;3.2;39.36;-865.92
15.93;15.030.0034-A;REGISTRO EM ESFERA, EM PVC, SOLDAVEL, COM DIAMETRO DE 32MM.FORNECIMENTO E COLOCACAO;UN;10;11;10;1;0;1;47.34;0
15.94;15.030.0038-A;REGISTRO EM ESFERA, EM PVC, SOLDAVEL, COM DIAMETRO DE 50MM.FORNECIMENTO E COLOCACAO;UN;10;7;17;-10;-7;1.7;58.75;-411.25
15.95;15.030.0040-A;REGISTRO DE ESFERA, EM PVC, SOLDAVEL, COM DIAMETRO DE 60MM.FORNECIMENTO E COLOCACAO;UN;10;0;6;-6;4;0.6;70.61;282.44
15.96;15.036.0010-A;TUBO DE PVC RIGIDO, ROSQUEAVEL, PARA AGUA FRIA, COM DIAMETRO DE1/2", EXCLUSIVE EMENDAS, CONEXOES, ABERTURA E FECHAMENTO DE RASGO.FORNECIMENTO E ASSENTAMENTO;M;500;397;500;-103;0;1;11.11;0
15.97;15.036.0011-A;TUBO DE PVC RIGIDO, ROSQUEAVEL, PARA AGUA FRIA, COM DIAMETRO DE3/4", EXCLUSIVE EMENDAS, CONEXOES, ABERTURA E FECHAMENTO DE RASGO.FORNECIMENTO E ASSENTAMENTO;M;500;0;24;-24;476;0.048;13.85;6592.6
15.98;15.036.0027-A;TUBO DE PVC RIGIDO DE 20MM, SOLDAVEL, EXCLUSIVE CONEXOES, EMENDAS, ABERTURA E FECHAMENTO DE RASGO.FORNECIMENTO E ASSENTAMENTO;M;500;99;141;-42;359;0.282;9.55;3428.45
15.99;15.036.0028-A;TUBO DE PVC RIGIDO DE 25MM, SOLDAVEL, EXCLUSIVE CONEXOES, EMENDAS, ABERTURA E FECHAMENTO DE RASGO.FORNECIMENTO E ASSENTAMENTO;M;500;189;147;42;353;0.294;10.37;3660.61
15100;15.036.0045-A;TUBO DE PVC RIGIDO DE 40MM, SOLDAVEL, EXCLUSIVE EMENDAS, CONEXOES, ABERTURA E FECHAMENTO DE RASGO.FORNECIMENTO E ASSENTAMENTO;M;100;213;143;70;-43;1.43;13.46;-578.78
15101;15.036.0046-A;TUBO DE PVC RIGIDO DE 50MM, SOLDAVEL, EXCLUSIVE EMENDAS, CONEXOES, ABERTURA E FECHAMENTO DE RASGO.FORNECIMENTO E ASSENTAMENTO;M;100;89;138;-49;-38;1.38;18.61;-707.18
15102;15.036.0047-A;TUBO DE PVC RIGIDO DE 75MM, SOLDAVEL, EXCLUSIVE EMENDAS, CONEXOES, ABERTURA E FECHAMENTO DE RASGO.FORNECIMENTO E ASSENTAMENTO;M;100;19;57;-38;43;0.57;25.61;1101.23
15103;15.036.0048-A;TUBO DE PVC RIGIDO DE 100MM, SOLDAVEL, EXCLUSIVE EMENDAS, CONEXOES, ABERTURA E FECHAMENTO DE RASGO.FORNECIMENTO E ASSENTAMENTO;M;100;126;130;-4;-30;1.3;29.24;-877.2
15104;15.036.0053-A;TUBO DE PVC RIGIDO DE 150MM, SOLDAVEL, INCLUSIVE CONEXOES E EMENDAS, EXCLUSIVE ABERTURA E FECHAMENTO DE RASGO.FORNECIMENTOE ASSENTAMENTO;M;50;22;22;0;28;0.44;49.11;1375.08
16.1;16.001.0050-A;MADEIRAMENTO PARA COBERTURA EM DUAS AGUAS EM TELHAS CERAMICAS, CONSTITUIDO DE CUMEEIRA E TERCAS DE 3"X4.1/2", CAIBROS DE 3"X1.1/2", RIPAS DE 1, 5X4CM, TUDO EM MADEIRA SERRADA, SEM TESOURA OU PONTALETE, MEDIDO PELA AREA REAL DO MADEIRAMENTO.FORNECIMENTO E COLOCACAO;M2;600;126.126;606.126;-480;-6.126;1.0102;110.45;-676.62
16.2;16.001.0060-A;MADEIRAMENTO PARA COBERTURA EM TELHAS ONDULADAS, CONSTITUIDODE PECAS DE 3"X3" E 3"X4.1/2", EM MADEIRA SERRADA, SEM TESOURAOU PONTALETE, MEDIDO PELA AREA REAL DO MADEIRAMENTO.FORNECIMENTO E COLOCACAO;M2;600;0;205;-205;395;0.3417;34.36;13572.2
16.3;16.001.0067-A;TESOURA COMPLETA EM MADEIRA SERRADA, PARA VAO DE 5, 00M.FORNECIMENTO E COLOCACAO;UN;10;6;10;-4;0;1;1561.24;0
16.4;16.001.0085-A;PONTALETE DE MADEIRA SERRADA, EM PECAS DE 3"X3", VERTICAIS E HORIZONTAIS, PARA COBERTURA DE TELHAS CERAMICAS, MEDIDO PELA AREA REAL DA COBERTURA DO TELHADO.FORNECIMENTO E COLOCACAO;M2;150;102.23;132.23;-30;17.77;0.8815;45.1;801.43
16.5;16.001.0086-A;PONTALETE DE MADEIRA SERRADA, EM PECAS DE 3"X3", VERTICAIS E HORIZONTAIS, PARA COBERTURA DE TELHAS ONDULADAS DE QUALQUER TIPO, MEDIDO PELA AREA REAL DA COBERTURA DO TELHADO.FORNECIMENTO E COLOCACAO;M2;250;0;52;-52;198;0.208;37.82;7488.36
16.6;16.002.0005-A;COBERTURA EM TELHA CERAMICA FRANCESA, EXCLUSIVE CUMEEIRA E MADEIRAMENTO.MEDIDA PELA AREA REAL DA COBERTURA.FORNECIMENTO ECOLOCACAO;M2;250;0;234;-234;16;0.936;105.05;1680.8
16.7;16.002.0010-A;COBERTURA EM TELHA CERAMICA COLONIAL, EXCLUSIVE CUMEEIRA E MADEIRAMENTO.MEDIDA PELA AREA REAL DE COBERTURA.FORNECIMENTO ECOLOCACAO;M2;250;588.73;267.6;321.13;-17.6;1.0704;152.14;-2677.66
16.8;16.002.0015-A;CUMEEIRA PARA COBERTURA EM TELHAS FRANCESAS, COLONIAIS, ROMANAOU PORTUGUESA.FORNECIMENTO E COLOCACAO;M;200;17.5;112.3;-94.8;87.7;0.5615;32.2;2823.94
16.9;16.002.0025-A;CORDAO PARA ARREMATE DE TELHADO EXECUTADO EM TELHAS COLONIAIS DUPLAS, LIGEIRAMENTE SOBREPOSTAS, PRESAS COM ARGAMASSA DE CIMENTO, AREIA E SAIBRO, NO TRACO 1:2:2.FORNECIMENTO E COLOCACAO;M;500;104.81;104.81;0;395.19;0.2096;61.56;24327.9
16.10;16.004.0015-A;COBERTURA EM TELHAS ONDULADAS DE CIMENTO, SEM AMIANTO, REFORCADO COM FIOS SINTETICOS (CRFS), COM ESPESSURA DE 6MM, EXCLUSIVEMADEIRAMENTO.FORNECIMENTO E COLOCACAO;M2;1000;182.68;239.68;-57;760.32;0.2397;40.83;31043.87
16.11;16.005.0006-A;COBERTURA EM TELHAS TRAPEZOIDAIS DE GALVALUME, COM ESPESSURAAPROXIMADA DE 0, 5MM, SOBREPOSICAO LATERAL DE UMA ONDA E LONGITUDINAL DE 0, 20M, FIXACAO COM PARAFUSOS OU HASTES DE ALUMINIO5/16"X250MM COM ROSCA, EXCLUSIVE MADEIRAMENTO E CUMEEIRA.MEDIDA PELA AREA REAL DE COBERTURA.FORNECIMENTO E COLOCACAO;M2;500;436.86;436.86;0;63.14;0.8737;49.56;3129.22
16.12;16.005.0008-A;CUMEEIRA DE GALVALUME, COM ESPESSURA APROXIMADA DE 0, 5MM, 0, 30M DE ABA PARA CADA LADO, PARA TELHAS TRAPEZOIDAIS.FORNECIMENTO E COLOCACAO;M;500;0;60;-60;440;0.12;71.38;31407.2
16.13;16.005.0018-A;CALHA DE GALVALUME, 0, 30M, EM CHAPA DE ESPESSURA APROXIMADA DE0, 7MM E DESENVOLVIMENTO DE 1M.FORNECIMENTO E COLOCACAO;M;1000;488.9;698.2;-209.3;301.8;0.6982;184.38;55645.88
16.14;16.005.0027-A;RUFO DE GALVALUME COM MEDIDAS APROXIMADAS DE (0, 7X500)MM.FORNECIMENTO E COLOCACAO;M;100;95.2;79.2;16;20.8;0.792;127.81;2658.45
16.15;16.005.0075-A;COBERTURA TERMO-ISOLANTE, DUPLA, TRAPEZOIDAL, GALVALUME 0, 40MM, P/USO ONDE SE REQUER CONFORTO TERMICO, DUPLA ESTANQUEIDADE LATERAL, S/PINTURA, RECHEIO DE POLIESTIRENO EXPANDIDO(EPS ALTURA=40MM)C/RETARDANTE A CHAMA E DENSIDADE CONFORME ABNT NBR-11.752, LARGURA UTIL DE 0, 99M, COMPRIMENTO ATE 12, 00M, INCL.ACESSORIOS P/FIXACAO, ALTURA TOTAL 78, 8MM.FORNECIMENTO E COLOCACAO;M2;100;137;92;45;8;0.92;142.47;1139.76
16.16;16.020.0001-A;IMPERMEABILIZACAO C/MANTA A BASE DE ASFALTO MODIFICADO C/POLIMEROS, ACABAMENTO POLIETILENO EM AMBAS AS FACES, TIPO III-B, ESP.4, 0MM, APLICACAO C/CHAMA DE MACARICO SOBRE PRIMER ASFALTICO BASE AGUA ISENTO SOLVENTES, INCLUSIVE ESTE, EM SUBSTRATO C/CAIMENTO DE 1%, EXCLUSIVE REGULARIZACAO, CAMADA SEPARADORA E PROTECAO MECANICA, CONFORME ABNT NBR 9952.;M2;100;357.06;109.904;247.156;-9.904;1.099;83.75;-829.46
16.17;16.026.0002-A;IMPERMEABILIZACAO DE RESERVATORIO AGUA POTAVEL, TANQUE/PISCINA EM CONCRETO, ENTERRADOS SUJEITOS A LENCOL FREATICO, SIST.CRISTALIZACAO COMPOSTO 3 PRODUTOS DE BASE MINERAL, PENETRAM EFEITO DE OSMOSE, CONS.POR M2, CIMENTO CRISTALIZANTE QUE ENDURECEEM 2MIN-1KG/M2, CIMENTO CRISTALIZANTE QUE EMDURECE 7MIN-1, 6KG/M2, LIQUIDO SELADOR MINERAL, BASE SILICATO-0, 7KG/M2;M2;100;601.76;110;491.76;-10;1.1;110.28;-1102.8
16.18;16.027.0001-A;IMPERMEABILIZACAO DE RESERVATORIO AGUA ELEVADO OU APOIADO, NAO SUJEITO A LENCOL FREATICO, S/PRESSAO NEGATIVA, EMPREGANDO 2DEMAOS DE CIMENTO POLIMERICO, CONS.1KG/M2/DEMAO, IMPER.BASE RESINAS TERMOPL.E CIMENTO C/ADESIVO, CONS.4KG/M2, ESTR.TELA POLIESTER 2X2MM, ENTRE 1ª E 2ª DEMAOS, FORMANDO MEMBRANA FLEXIVEL;M2;100;66.6;97.89;-31.29;2.11;0.9789;108.57;229.08
16.19;16.034.0003-A;IMPERMEABILIZACAO DE PAREDES DE ALVENARIA DE TIJOLOS CERAMICOS, MACICOS, SEM A PRESENCA DE CAL, COM ABSORCAO DE UMIDADE DOSOLO (UMIDADE ASCENDENTE), EMPREGANDO IMPERMEABILIZANTE LIQUIDO A BASE DE SILICATOS E RESINAS, CONSUMO DE 2KG/M2, QUE POR EFEITO DE CRISTALIZACAO, COLMATA A POROSIDADE DAS ALVENARIAS DE TIJOLO MACICO;M2;100;0;100;-100;0;1;123.02;0
17.1;17.017.0010-A;PREPARO DE SUPERFICIES NOVAS, COM REVESTIMENTO LISO, INCLUSIVELIXAMENTO, LIMPEZA, UMA DEMAO DE SELADOR ACRILICO, UMA DEMAO DE MASSA CORRIDA OU ACRILICA E NOVO LIXAMENTO COM REMOCAO DOPO RESIDUAL;M2;1000;7651.6276;1666.32;5985.3076;-666.32;1.6663;26.34;-17550.87
17.2;17.017.0100-A;PREPARO DE MADEIRA NOVA, INCLUSIVE LIXAMENTO, LIMPEZA, UMA DEMAO DE VERNIZ ISOLANTE INCOLOR, DUAS DEMAOS DE MASSA PARA MADEIRA, LIXAMENTO E REMOCAO DE PO, E UMA DEMAO DE FUNDO SINTETICONIVELADOR;M2;1000;884.8889;910.13;-25.2411;89.87;0.9101;49.67;4463.84
17.3;17.017.0110-A;PINTURA INTERNA OU EXTERNA SOBRE MADEIRA, COM TINTA A OLEO BRILHANTE OU ACETINADA, LIXAMENTO, UMA DEMAO DE VERNIZ ISOLANTEINCOLOR, DUAS DEMAOS DE MASSA PARA MADEIRA, LIXAMENTO E REMOCAO DE PO, UMA DEMAO DE FUNDO SINTETICO NIVELADOR E DUAS DEMAOSDE ACABAMENTO;M2;1000;1574.6189;1050.63;523.9889;-50.63;1.0506;32.04;-1622.19
17.4;17.017.0320-A;PINTURA INTERNA OU EXTERNA SOBRE FERRO, COM ESMALTE SINTETICOBRILHANTE OU ACETINADO APOS LIXAMENTO, LIMPEZA, DESENGORDURAMENTO, UMA DEMAO DE FUNDO ANTICORROSIVO NA COR LARANJA DE SECAGEM RAPIDA E DUAS DEMAOS DE ACABAMENTO;M2;12000;7712.8092;7510.31;202.4992;4489.69;0.6259;21.88;98234.42
17.5;17.018.0031-A;PINTURA COM TINTA LATEX, CLASSIFICACAO PREMIUM OU STANDARD, CONFORME ABNT NBR 15079, FOSCA EM REVESTIMENTO LISO, INTERIOR, ACABAMENTO DE ALTA CLASSE, EM TRES DEMAOS E MAIS UMA DEMAO DE MASSA CORRIDA E LIXAMENTO, SOBRE SUPERFICIE JA PREPARADA, CONFORME O ITEM 17.018.0010, EXCLUSIVE ESTE PREPARO;M2;94322.91;110160.608;101917.4068;8243.2012;-7594.4968;1.0805;31.3;-237707.75
17.6;17.018.0185-A;TEXTURA ACRILICA NA COR BRANCA, ACABAMENTO FOSCO, PARA INTERIOR OU EXTERIOR, APLICADAS EM DUAS DEMAOS SOBRE CONCRETO, ALVENARIA, BLOCO DE CONCRETO, CIMENTO SEM AMIANTO OU REVESTIMENTO;M2;5000;218.08;4891.55;-4673.47;108.45;0.9783;35.63;3864.07
17.7;17.035.0020-A;REMOCAO DE PINTURA PLASTICA E SEMELHANTES;M2;5000;777.5811;3381.51;-2603.9289;1618.49;0.6763;8.67;14032.31
17.8;17.035.0030-A;REMOCAO DE PINTURA A OLEO, ESMALTE ALQUIDICA E VERNIZES;M2;5000;1475.432;2577.42;-1101.988;2422.58;0.5155;34.43;83409.43
17.9;17.040.0021-A;MARCACAO DE QUADRA DE ESPORTE OU VAGA DE GARAGEM COM TINTA ACRILICA PROPRIA PARA PINTURA DE PISOS, COM UTILIZACAO DE SELADOR E SOLVENTE PROPRIO E FITA CREPE COMO LIMITADOR DE LINHAS, MEDIDA PELA AREA REAL DE PINTURA;M2;200;983.4798;482.476;501.0038;-282.476;2.4124;73.71;-20821.31
17.10;17.040.0024-A;PINTURA DE PISO CIMENTADO LISO COM TINTA 100% ACRILICA, INCLUSIVE LIXAMENTO, LIMPEZA E TRES DEMAOS DE ACABAMENTO APLICADASA ROLO DE LA, DILUICAO EM AGUA A 20%;M2;1000;2961.1686;1464.06;1497.1086;-464.06;1.4641;16.23;-7531.69
18.1;18.002.0010-A;LAVATORIO DE LOUCA BRANCA PADRAO POPULAR,MEDINDO EM TORNO DE(47X35)CM,INCLUSIVE ACESSORIOS DE FIXACAO.FERRAGENS:SIFAO DE 1"X1.1/4" EM PVC,TORNEIRA PARA LAVATORIO DE MESA 1193 OU SIMILAR DE 1/2",VALVULA DE ESCOAMENTO EM METAL CROMADO E RABICHO EM PVC.FORNECIMENTO;UN;20;7;8;-1;12;0.4;117.43;1409.16
18.2;18.002.0030-A;TANQUE DE LOUCA BRANCA,C/COLUNA E MEDIDAS EM TORNO DE (56X48)CM,INCLUSIVE ACESSORIOS DE FIXACAO.FERRAGENS EM METAL CROMADO:TORNEIRA DE PRESSAO,1158 OU SIMILAR,DE 1/2",VALVULA DE ESCOAMENTO 1605 E SIFAO 1680 DE 1.1/4" A 1.1/2".FORNECIMENTO;UN;10;10;9;1;1;0.9;487.64;487.64
18.3;18.002.0055-A;MICTORIO DE LOUCA BRANCA COM SIFAO INTEGRADO E MEDIDAS EM TORNO DE (33X28X53)CM,INCLUSIVE ACESSORIOS DE FIXACAO.FERRAGENS EM METAL CROMADO:REGISTRO DE PRESSAO 1416 DE 1/2" E TUBODE LIGACAO DE 1/2".FORNECIMENTO;UN;10;0;2;-2;8;0.2;363.73;2909.84
18.4;18.002.0065-A;BACIA SANITARIA DE LOUCA BRANCA,COM CAIXA ACOPLADA,PADRAO POPULAR,INCLUSIVE ASSENTO PLASTICO PADRAO POPULAR,RABICHO EM PVC,ANEL DE VEDACAO E ACESSORIOS DE FIXACAO.FORNECIMENTO;UN;60;4;17;-13;43;0.2833;290.18;12477.74
18.5;18.002.0080-A;BACIA SANITARIA DE LOUCA BRANCA,CONVENCIONAL,PADRAO POPULAR,INCLUSIVE ASSENTO PLASTICO PADRAO POPULAR,CAIXA DE DESCARGAPLASTICA EXTERNA,RABICHO EM PVC, TUBO DE DESCARGA LONGO,BOLSA DE LIGACAO,ANEL DE VEDACAO E ACESSORIOS DE FIXACAO.FORNECIMENTO;UN;60;18;18;0;42;0.3;208.57;8759.94
18.6;18.003.0003-A;VALVULA DE DESCARGA DE 1.1/2",REGISTRO INTEGRADO,CORPO EM LATAO E ACABAMENTO COM ACIONAMENTO POR BOTAO EM METAL CROMADO.FORNECIMENTO;UN;60;16;28;-12;32;0.4667;234.16;7493.12
18.7;18.003.0015-A;VALVULA DE FECHAMENTO AUTOMATICO,PARA MICTORIO,ACABAMENTO CROMADO.FORNECIMENTO;UN;100;10;12;-2;88;0.12;65.42;5756.96
18.8;18.005.0010-A;SABONETEIRA EM PLASTICO ABS, PARA SABONETE LIQUIDO.FORNECIMENTO E COLOCACAO;UN;200;0;10;-10;190;0.05;35.07;6663.3
18.9;18.005.0012-A;PORTA-TOALHA DE PAPEL EM PLASTICO ABS.FORNECIMENTO E COLOCACAO;UN;200;0;15;-15;185;0.075;39.19;7250.15
18.10;18.005.0013-A;PORTA PAPEL HIGIENICO EM PLASTICO ABS.FORNECIMENTRO E COLOCACAO;UN;200;0;17;-17;183;0.085;40.25;7365.75
18.11;18.005.0018-A;ASSENTO SANITARIO PLASTICO, PADRAO POPULAR.FORNECIMENTO E COLOCACAO;UN;400;260;257;3;143;0.6425;23.78;3400.54
18.12;18.006.0025-A;CUBA DE LOUCA BRANCA,DE EMBUTIR,PADRAO MEDIO LUXO,MEDINDO EMTORNO DE (52X39)CM.FORNECIMENTO;UN;100;21;22;-1;78;0.22;72.95;5690.1
18.13;18.006.0050-A;PAPELEIRA, SEM PROTETOR, DE SOBREPOR, EM METAL CROMADO.FORNECIMENTO E COLOCACAO;UN;100;0;24;-24;76;0.24;28.36;2155.36
18.14;18.007.0042-A;BRACO EM ALUMINIO DE 1/2",PARA CHUVEIRO ELETRICO.FORNECIMENTO;UN;50;0;0;0;50;0;12.18;609
18.16;18.007.0080-A;CHUVEIRO ELETRICO EM PLASTICO,EM 110/220V,COM BRACO CROMADODE 1/2" E 1 REGISTRO DE PRESSAO 1416 DE 3/4",COM CANOPLA E VOLANTE EM METAL CROMADO.FORNECIMENTO;UN;50;17;23;-6;27;0.46;92.25;2490.75
18.17;18.008.0005-A;TORNEIRA DE PLASTICO PARA LAVATORIO,DE 1/2".FORNECIMENTO;UN;382;1;5;-4;377;0.0131;8.47;3193.19
18.18;18.008.0007-A;TORNEIRA DE PLASTICO PARA PIA,DE 1/2".FORNECIMENTO;UN;82;1;1;0;81;0.0122;7.87;637.47
18.19;18.009.0058-A;TORNEIRA PARA PIA OU TANQUE,1158 OU SIMILAR DE 1/2"X18CM APROXIMADAMENTE,EM METAL CROMADO.FORNECIMENTO;UN;200;229;204;25;-4;1.02;49.97;-199.88
18.20;18.009.0074-A;TORNEIRA PARA PIA,COM MISTURADOR,AREJADOR,TUBO MOVEL,TIPO BANCA,1256 OU SIMILAR,DE 1/2"X17CM APROXIMADAMENTE,EM METAL CROMADO.FORNECIMENTO;UN;80;94;101;-7;-21;1.2625;195.25;-4100.25
18.21;18.009.0076-A;TORNEIRA PARA LAVATORIO TIPO BANCA 1193 OU SIMILAR DE 1/2"X9CM APROXIMADAMENTE,EM METAL CROMADO.FORNECIMENTO;UN;208;172;169;3;39;0.8125;29.21;1139.19
18.22;18.011.0003-A;TORNEIRA DE BOIA EM PLASTICO, PARA CAIXA D'AGUA, DE 1/2".FORNECIMENTO E COLOCACAO;UN;100;4;4;0;96;0.04;21.99;2111.04
18.23;18.012.0090-A;TORNEIRA DE BOIA, EM METAL, DE 3/4".FORNECIMENTO E COLOCACAO;UN;100;52;43;9;57;0.43;54.36;3098.52
18.24;18.013.0106-A;VALVULA DE ESCOAMENTO TIPO AMERICANA,PARA PIA DE COZINHA,1623 DE 1.1/2",EM METAL CROMADO.FORNECIMENTO;UN;208;28;28;0;180;0.1346;13.34;2401.2
18.25;18.013.0109-A;VALVULA DE ESCOAMENTO PARA LAVATORIO,SEM LADRAO,1600 DE 1",EM METAL CROMADO.FORNECIMENTO;UN;540;19;24;-5;516;0.0444;13.7;7069.2
18.26;18.013.0111-A;VALVULA DE ESCOAMENTO PARA TANQUE,1605 DE 1.1/4",EM METAL CROMADO.FORNECIMENTO;UN;432;0;0;0;432;0;18.08;7810.56
18.27;18.013.0127-A;SIFAO SANFONADO EM PVC, UNIVERSAL.FORNECIMENTO;UN;1811;301;335;-34;1476;0.185;4.3;6346.8
18.28;18.013.0133-A;RABICHO/LIGACAO FLEXIVEL EM PLASTICO,COMPRIMENTO DE 40CM,COMSAIDA DE 1/2".FORNECIMENTO;UN;1177;132;171;-39;1006;0.1453;3.55;3571.3
18.29;18.013.0156-A;REGISTRO DE PRESSAO,1416 DE 3/4",COM CANOPLA E VOLANTE EM METAL CROMADO.FORNECIMENTO;UN;100;9;13;-4;87;0.13;34.45;2997.15
18.30;18.016.0040-A;CUBA DE ACO INOXIDAVEL, MEDINDO APROXIMADAMENTE (500X400X200)MM, EM CHAPA 20.304, VALVULA DE ESCOAMENTO TIPO AMERICANA 1623, SIFAO 1680 1.1/2" X 1.1/2", EXCLUSIVE TORNEIRA.FORNECIMENTOE COLOCACAO;UN;20;15;17;-2;3;0.85;423.16;1269.48
18.31;18.016.0045-A;BANCA SECA DE ACO INOXIDAVEL, COM LARGURA APROXIMADA DE 0, 55M, ATE 3, 00M DE COMPRIMENTO, EM CHAPA 18.304, SOBRE APOIOS DE ALVENARIA DE MEIA VEZ E VERGA DE CONCRETO, SEM REVESTIMENTO.FORNECIMENTO E COLOCACAO;M;10;0;6;-6;4;0.6;905.36;3621.44
18.32;18.016.0050-A;MICTORIO COLETIVO DE ACO INOXIDAVEL,COM SECAO DE (580X300)MM,EM CHAPA 20.304,COM CRIVO DE SAIDA DE 1.1/4",REGISTRO DE PRESSAO 1416 DE 3/4",COM CANOPLA E VOLANTE EM METAL CROMADO.FORNECIMENTO;M;10;0;7;-7;3;0.7;930.6;2791.8
18.33;18.016.0106-A;BARRA DE APOIO EM ACO INOXIDAVEL AISI 304, TUBO DE 1.1/4", INCLUSIVE FIXACAO COM PARAFUSOS INOXIDAVEIS E BUCHAS PLASTICAS, COM 80CM, CONFORME ABNT NBR 9050 PARA ACESSIBILIDADE.FORNECIMENTO E COLOCACAO;UN;50;0;13;-13;37;0.26;141.09;5220.33
18.34;18.017.0020-A;FILTRO PARA USO DOMESTICO COM CARCACA ATOXICA EM POLIPROPILENO COM 1 ELEMENTO FILTRANTE DE CELULOSE E CARVAO ATIVADO,PARA VAZAO ATE 180L/H,CONEXAO DE 1/2" SEM REGISTRO.FORNECIMENTO;UN;120;153;145;8;-25;1.2083;112.03;-2800.75
18.35;18.019.0010-A;CAIXA DE DESCARGA DE PLASTICO EXTERNA.FORNECIMENTO;UN;399;276;302;-26;97;0.7569;24.82;2407.54
18.36;18.021.0030-A;RESERVATORIO APOIADO PARA ARMAZENAMENTO DE AGUA POTAVEL OU PARA APROVEITAMENTO DE AGUA DA CHUVA AAC,EM FIBRA DE VIDRO OUPOLIETILENO,COM CAPACIDADE EM TORNO DE 500L,INCLUSIVE TAMPADE VEDACAO COM ESCOTILHA E FIXADORES,CONFORME ABNT NBR 15527,12217 E 8220.FORNECIMENTO;UN;10;0;0;0;10;0;189.52;1895.2
18.37;18.021.0035-A;RESERVATORIO APOIADO PARA ARMAZENAMENTO DE AGUA POTAVEL OU PARA APROVEITAMENTO DE AGUA DA CHUVA AAC,EM FIBRA DE VIDRO OUPOLIETILENO,COM CAPACIDADE EM TORNO DE 1000L,INCLUSIVE TAMPA DE VEDACAO COM ESCOTILHA E FIXADORES,CONFORME ABNT NBR 15527,12217 E 8220.FORNECIMENTO;UN;10;0;3;-3;7;0.3;301.64;2111.48
18.38;18.021.0042-A;RESERVATORIO APOIADO PARA ARMAZENAMENTO DE AGUA POTAVEL OU PARA APROVEITAMENTO DE AGUA DA CHUVA AAC,EM FIBRA DE VIDRO OUPOLIETILENO,COM CAPACIDADE EM TORNO DE 2000L,INCLUSIVE TAMPA DE VEDACAO COM ESCOTILHA E FIXADORES,CONFORME ABNT NBR 15527,12217 E 8220.FORNECIMENTO;UN;10;1;8;-7;2;0.8;792.88;1585.76
18.40;18.027.0045-A;LUMINARIA DE EMERGENCIA DE SOBREPOR, EM PLASTICO, EQUIPADA COMBATERIA SELADA RECARREGAVEL COM 30 LAMPADAS EM LED. FORNECIMENTO E COLOCACAO;UN;50;0;10;-10;40;0.2;35.68;1427.2
18.41;18.027.0097-A;LUMINARIA FECHADA (REFLETOR), PARA ILUMINACAO DE QUADRAS DE ESPORTES E AFINS, PARA LAMPADA LED DE 100W, INCLUSIVE ESTA.FORNECIMENTO E COLOCACAO;UN;100;169;109;60;-9;1.09;47.79;-430.11
18.43;18.027.0303-A;LUMINARIA DE SOBREPOR, FIXADA EM LAJE OU FORRO, TIPO CALHA, CHANFRADA OU PRISMATICA, COMPLETA, EQUIPADA COM REATOR ELETRONICODE ALTO FATOR DE POTENCIA E LAMPADA FLUORESCENTE DE 1X32W.FORNECIMENTO E COLOCACAO;UN;150;321;178;143;-28;1.1867;108.13;-3027.64
18.44;18.027.0305-A;LUMINARIA DE SOBREPOR, FIXADA EM LAJE OU FORRO, TIPO CALHA, CHANFRADA OU PRISMATICA, COMPLETA, EQUIPADA COM REATOR ELETRONICODE ALTO FATOR DE POTENCIA E LAMPADA FLUORESCENTE DE 1X40W.FORNECIMENTO E COLOCACAO;UN;150;115;135;-20;15;0.9;100.22;1503.3
18.46;18.027.0445-A;ARANDELA EM ALUMINIO E VIDRO, COM BASE PARA FIXACAO, EXCLUSIVELAMPADA.FORNECIMENTO E COLOCACAO;UN;100;24;68;-44;32;0.68;66.73;2135.36
18.48;18.029.0012-A;BOMBA HIDRAULICA CENTRIFUGA, COM MOTOR ELETRICO, POTENCIA DE 3/4CV, EXCLUSIVE ACESSORIOS.FORNECIMENTO E COLOCACAO;UN;31;39;31;8;0;1;935.31;0
18.49;18.082.0020-A;BANCA SECA DE GRANITO CINZA ANDORINHA, COM 2CM DE ESPESSURA E60CM DE LARGURA, SOBRE APOIOS DE ALVENARIA DE MEIA VEZ E VERGA DE CONCRETO, SEM REVESTIMENTO.FORNECIMENTO E COLOCACAO;M;75;17.9;17.9;0;57.1;0.2387;283.13;16166.72
18.51;18.200.0001-A;TABELA DE BASQUETE EM COMPENSADO NAVAL, TAMANHO OFICIAL, COM ARO E REDE.FORNECIMENTO E COLOCACAO;PAR;5;4;4;0;1;0.8;2039.64;2039.64
18.52;18.200.0002-A;POSTE PARA VOLEIBOL EM TUBO DE FERRO GALVANIZADO,COM CATRACAE BUCHAS.FORNECIMENTO;PAR;5;0;1;-1;4;0.2;966.11;3864.44
18.53;18.200.0004-A;TRAVE DESMONTAVEL PARA FUTEBOL DE SALAO,EM TUBO DE FERRO GALVANIZADO E BUCHAS.FORNECIMENTO;PAR;5;1;3;-2;2;0.6;2507.94;5015.88
18.54;18.200.0005-A;REDE DE NYLON PARA FUTEBOL DE SALAO.FORNECIMENTO;PAR;5;0;0;0;5;0;117.12;585.6
18.55;18.200.0015-A;ESTRUTURA PARA BASQUETE, DE FERRO GALVANIZADO PINTADO, FIXA, COM AVANCO LIVRE DE 1, 30M, COM TABELAS DE COMPENSADO NAVAL, AROSE REDES, EXCLUSIVE FURACAO DE PISO.FORNECIMENTO E COLOCACAO;PAR;5;0;5;-5;0;1;3811.78;0
18.56;18.200.0020-A;BALIZA DE FUTEBOL DE CAMPO, TAMANHO OFICIAL(7, 32X2.44M), EXCLUSIVE REDE, EM TUBOS DE FERRO GALVANIZADO DE 4", COM PINTURA DEBASE E 2 DEMAOS DE ACABAMENTO.FORNECIMENTO E COLOCACAO;UN;5;0;3;-3;2;0.6;2419.74;4839.48
5.26;05.001.0147-A;ARRANCAMENTO DE GRADES, GRADIS, ALAMBRADOS, CERCAS E PORTOES;M2;;277.2;;;;;20.26;
14.28;14.008.0089-A;QUADRO DE AULA EM COMPENSADO DE 10MM DE ESPESSURA, REVESTIDOPOR CHAPA DE LAMINADO MELAMINICO NA COR BRANCA BRILHANTE, COMMOLDURA E PORTA APAGADOR EM PERFIL DE ALUMINIO, CONFORME PROJETO N°6014/EMOP.FORNECIMENTO E COLOCACAO;M2;;90;;;;;299.21;
